window_id,map_id,event,core,row_off,col_off,frac_missing_input,scored_pixels,water_pixels,land_pixels,kept_primary,kept_sensitivity
EMSR264_18MIANDRIVAZODETAIL_DEL_v2_r00000_c00000,EMSR264_18MIANDRIVAZODETAIL_DEL_v2,EMSR264,False,0,0,0.008244,212846,32001,180845,True,True
EMSR264_18MIANDRIVAZODETAIL_DEL_v2_r00000_c00512,EMSR264_18MIANDRIVAZODETAIL_DEL_v2,EMSR264,False,0,512,0.002876,240529,79090,161439,True,True
EMSR264_18MIANDRIVAZODETAIL_DEL_v2_r00000_c01018,EMSR264_18MIANDRIVAZODETAIL_DEL_v2,EMSR264,False,0,1018,0.010681,251069,28025,223044,False,False
EMSR264_18MIANDRIVAZODETAIL_DEL_v2_r00512_c00000,EMSR264_18MIANDRIVAZODETAIL_DEL_v2,EMSR264,False,512,0,0.001678,245612,68446,177166,True,True
EMSR264_18MIANDRIVAZODETAIL_DEL_v2_r00512_c00512,EMSR264_18MIANDRIVAZODETAIL_DEL_v2,EMSR264,False,512,512,0.000000,247827,26903,220924,True,True
EMSR264_18MIANDRIVAZODETAIL_DEL_v2_r00512_c01018,EMSR264_18MIANDRIVAZODETAIL_DEL_v2,EMSR264,False,512,1018,0.004196,247987,2811,245176,True,True
EMSR264_18MIANDRIVAZODETAIL_DEL_v2_r00801_c00000,EMSR264_18MIANDRIVAZODETAIL_DEL_v2,EMSR264,False,801,0,0.004440,145990,42404,103586,True,True
EMSR264_18MIANDRIVAZODETAIL_DEL_v2_r00801_c00512,EMSR264_18MIANDRIVAZODETAIL_DEL_v2,EMSR264,False,801,512,0.001953,137585,13357,124228,True,True
EMSR264_18MIANDRIVAZODETAIL_DEL_v2_r00801_c01018,EMSR264_18MIANDRIVAZODETAIL_DEL_v2,EMSR264,False,801,1018,0.002556,140716,3653,137063,True,True
EMSR273_01GRILE_DEL_MONIT04_v2_r00000_c00000,EMSR273_01GRILE_DEL_MONIT04_v2,EMSR273,False,0,0,0.031525,253880,100458,153422,False,False
EMSR273_01GRILE_DEL_MONIT04_v2_r00000_c00345,EMSR273_01GRILE_DEL_MONIT04_v2,EMSR273,False,0,345,0.027290,170668,3340,167328,False,False
EMSR273_01GRILE_DEL_MONIT04_v2_r00409_c00000,EMSR273_01GRILE_DEL_MONIT04_v2,EMSR273,False,409,0,0.027626,203029,178697,24332,False,False
EMSR273_01GRILE_DEL_MONIT04_v2_r00409_c00345,EMSR273_01GRILE_DEL_MONIT04_v2,EMSR273,False,409,345,0.028671,135467,3043,132424,False,False
EMSR333_01RATTALORO_DEL_MONIT01_v1_r00000_c00000,EMSR333_01RATTALORO_DEL_MONIT01_v1,EMSR333,True,0,0,0.064644,198760,81839,116921,False,False
EMSR333_01RATTALORO_DEL_MONIT01_v1_r00000_c00512,EMSR333_01RATTALORO_DEL_MONIT01_v1,EMSR333,True,0,512,0.038692,251829,61,251768,False,False
EMSR333_01RATTALORO_DEL_MONIT01_v1_r00000_c01023,EMSR333_01RATTALORO_DEL_MONIT01_v1,EMSR333,True,0,1023,0.076214,235297,45,235252,False,False
EMSR333_01RATTALORO_DEL_MONIT01_v1_r00512_c00000,EMSR333_01RATTALORO_DEL_MONIT01_v1,EMSR333,True,512,0,0.025040,222751,98515,124236,False,False
EMSR333_01RATTALORO_DEL_MONIT01_v1_r00512_c00512,EMSR333_01RATTALORO_DEL_MONIT01_v1,EMSR333,True,512,512,0.000000,252905,11127,241778,True,True
EMSR333_01RATTALORO_DEL_MONIT01_v1_r00512_c01023,EMSR333_01RATTALORO_DEL_MONIT01_v1,EMSR333,True,512,1023,0.036541,239891,6737,233154,False,False
EMSR333_01RATTALORO_DEL_MONIT01_v1_r00756_c00000,EMSR333_01RATTALORO_DEL_MONIT01_v1,EMSR333,True,756,0,0.076977,97704,26229,71475,False,False
EMSR333_01RATTALORO_DEL_MONIT01_v1_r00756_c00512,EMSR333_01RATTALORO_DEL_MONIT01_v1,EMSR333,True,756,512,0.038502,107454,0,107454,False,False
EMSR333_01RATTALORO_DEL_MONIT01_v1_r00756_c01023,EMSR333_01RATTALORO_DEL_MONIT01_v1,EMSR333,True,756,1023,0.060902,109633,0,109633,False,False
EMSR333_02PORTOPALO_DEL_MONIT01_v1_r00000_c00000,EMSR333_02PORTOPALO_DEL_MONIT01_v1,EMSR333,True,0,0,0.062996,204717,1597,203120,False,False
EMSR333_02PORTOPALO_DEL_MONIT01_v1_r00000_c00512,EMSR333_02PORTOPALO_DEL_MONIT01_v1,EMSR333,True,0,512,0.034325,218477,5044,213433,False,False
EMSR333_02PORTOPALO_DEL_MONIT01_v1_r00000_c01022,EMSR333_02PORTOPALO_DEL_MONIT01_v1,EMSR333,True,0,1022,0.066357,44992,0,44992,False,False
EMSR333_02PORTOPALO_DEL_MONIT01_v1_r00512_c00000,EMSR333_02PORTOPALO_DEL_MONIT01_v1,EMSR333,True,512,0,0.029312,244971,23233,221738,False,False
EMSR333_02PORTOPALO_DEL_MONIT01_v1_r00512_c00512,EMSR333_02PORTOPALO_DEL_MONIT01_v1,EMSR333,True,512,512,0.000000,246175,0,246175,True,True
EMSR333_02PORTOPALO_DEL_MONIT01_v1_r00512_c01022,EMSR333_02PORTOPALO_DEL_MONIT01_v1,EMSR333,True,512,1022,0.029560,125810,0,125810,False,False
EMSR333_02PORTOPALO_DEL_MONIT01_v1_r00934_c00000,EMSR333_02PORTOPALO_DEL_MONIT01_v1,EMSR333,True,934,0,0.049236,194700,86799,107901,False,False
EMSR333_02PORTOPALO_DEL_MONIT01_v1_r00934_c00512,EMSR333_02PORTOPALO_DEL_MONIT01_v1,EMSR333,True,934,512,0.022598,202291,20673,181618,False,False
EMSR333_02PORTOPALO_DEL_MONIT01_v1_r00934_c01022,EMSR333_02PORTOPALO_DEL_MONIT01_v1,EMSR333,True,934,1022,0.053486,158027,9,158018,False,False
EMSR342_06NORTHNORMANTON_DEL_v1_r00000_c00000,EMSR342_06NORTHNORMANTON_DEL_v1,EMSR342,True,0,0,0.146481,114749,114749,0,False,False
EMSR342_06NORTHNORMANTON_DEL_v1_r00000_c00512,EMSR342_06NORTHNORMANTON_DEL_v1,EMSR342,True,0,512,0.047531,75447,67125,8322,False,False
EMSR342_06NORTHNORMANTON_DEL_v1_r00000_c01024,EMSR342_06NORTHNORMANTON_DEL_v1,EMSR342,True,0,1024,0.042412,235285,169070,66215,False,False
EMSR342_06NORTHNORMANTON_DEL_v1_r00000_c01536,EMSR342_06NORTHNORMANTON_DEL_v1,EMSR342,True,0,1536,0.037148,108962,78171,30791,False,False
EMSR342_06NORTHNORMANTON_DEL_v1_r00000_c02048,EMSR342_06NORTHNORMANTON_DEL_v1,EMSR342,True,0,2048,0.031921,0,0,0,False,False
EMSR342_06NORTHNORMANTON_DEL_v1_r00000_c02560,EMSR342_06NORTHNORMANTON_DEL_v1,EMSR342,True,0,2560,0.026802,89578,44159,45419,False,False
EMSR342_06NORTHNORMANTON_DEL_v1_r00000_c03072,EMSR342_06NORTHNORMANTON_DEL_v1,EMSR342,True,0,3072,0.021534,250751,201099,49652,False,False
EMSR342_06NORTHNORMANTON_DEL_v1_r00000_c03584,EMSR342_06NORTHNORMANTON_DEL_v1,EMSR342,True,0,3584,0.016315,198749,150175,48574,False,False
EMSR342_06NORTHNORMANTON_DEL_v1_r00000_c04096,EMSR342_06NORTHNORMANTON_DEL_v1,EMSR342,True,0,4096,0.011196,226572,103722,122850,False,False
EMSR342_06NORTHNORMANTON_DEL_v1_r00000_c04608,EMSR342_06NORTHNORMANTON_DEL_v1,EMSR342,True,0,4608,0.005920,103932,80990,22942,True,True
EMSR342_06NORTHNORMANTON_DEL_v1_r00000_c04888,EMSR342_06NORTHNORMANTON_DEL_v1,EMSR342,True,0,4888,0.039856,11448,3045,8403,False,False
EMSR342_06NORTHNORMANTON_DEL_v1_r00512_c00000,EMSR342_06NORTHNORMANTON_DEL_v1,EMSR342,True,512,0,0.090092,184513,150907,33606,False,False
EMSR342_06NORTHNORMANTON_DEL_v1_r00512_c00512,EMSR342_06NORTHNORMANTON_DEL_v1,EMSR342,True,512,512,0.000000,21765,3173,18592,False,True
EMSR342_06NORTHNORMANTON_DEL_v1_r00512_c01024,EMSR342_06NORTHNORMANTON_DEL_v1,EMSR342,True,512,1024,0.000000,140517,84671,55846,True,True
EMSR342_06NORTHNORMANTON_DEL_v1_r00512_c01536,EMSR342_06NORTHNORMANTON_DEL_v1,EMSR342,True,512,1536,0.000000,25892,15062,10830,False,True
EMSR342_06NORTHNORMANTON_DEL_v1_r00512_c02048,EMSR342_06NORTHNORMANTON_DEL_v1,EMSR342,True,512,2048,0.000000,32,26,6,False,True
EMSR342_06NORTHNORMANTON_DEL_v1_r00512_c02560,EMSR342_06NORTHNORMANTON_DEL_v1,EMSR342,True,512,2560,0.000000,74687,58844,15843,True,True
EMSR342_06NORTHNORMANTON_DEL_v1_r00512_c03072,EMSR342_06NORTHNORMANTON_DEL_v1,EMSR342,True,512,3072,0.000000,234576,206230,28346,True,True
EMSR342_06NORTHNORMANTON_DEL_v1_r00512_c03584,EMSR342_06NORTHNORMANTON_DEL_v1,EMSR342,True,512,3584,0.000000,261363,222514,38849,True,True
EMSR342_06NORTHNORMANTON_DEL_v1_r00512_c04096,EMSR342_06NORTHNORMANTON_DEL_v1,EMSR342,True,512,4096,0.000000,240371,154010,86361,True,True
EMSR342_06NORTHNORMANTON_DEL_v1_r00512_c04608,EMSR342_06NORTHNORMANTON_DEL_v1,EMSR342,True,512,4608,0.000000,220333,100421,119912,True,True
EMSR342_06NORTHNORMANTON_DEL_v1_r00512_c04888,EMSR342_06NORTHNORMANTON_DEL_v1,EMSR342,True,512,4888,0.033409,80156,12326,67830,False,False
EMSR342_06NORTHNORMANTON_DEL_v1_r01024_c00000,EMSR342_06NORTHNORMANTON_DEL_v1,EMSR342,True,1024,0,0.080914,227803,114201,113602,False,False
EMSR342_06NORTHNORMANTON_DEL_v1_r01024_c00512,EMSR342_06NORTHNORMANTON_DEL_v1,EMSR342,True,1024,512,0.000000,143572,81736,61836,True,True
EMSR342_06NORTHNORMANTON_DEL_v1_r01024_c01024,EMSR342_06NORTHNORMANTON_DEL_v1,EMSR342,True,1024,1024,0.000000,23430,11632,11798,False,True
EMSR342_06NORTHNORMANTON_DEL_v1_r01024_c01536,EMSR342_06NORTHNORMANTON_DEL_v1,EMSR342,True,1024,1536,0.000000,26180,15365,10815,False,True
EMSR342_06NORTHNORMANTON_DEL_v1_r01024_c02048,EMSR342_06NORTHNORMANTON_DEL_v1,EMSR342,True,1024,2048,0.000000,111633,93357,18276,True,True
EMSR342_06NORTHNORMANTON_DEL_v1_r01024_c02560,EMSR342_06NORTHNORMANTON_DEL_v1,EMSR342,True,1024,2560,0.000000,82796,71569,11227,True,True
EMSR342_06NORTHNORMANTON_DEL_v1_r01024_c03072,EMSR342_06NORTHNORMANTON_DEL_v1,EMSR342,True,1024,3072,0.000000,152287,123031,29256,True,True
EMSR342_06NORTHNORMANTON_DEL_v1_r01024_c03584,EMSR342_06NORTHNORMANTON_DEL_v1,EMSR342,True,1024,3584,0.000000,257550,190305,67245,True,True
EMSR342_06NORTHNORMANTON_DEL_v1_r01024_c04096,EMSR342_06NORTHNORMANTON_DEL_v1,EMSR342,True,1024,4096,0.000000,259556,52245,207311,True,True
EMSR342_06NORTHNORMANTON_DEL_v1_r01024_c04608,EMSR342_06NORTHNORMANTON_DEL_v1,EMSR342,True,1024,4608,0.000000,244730,7485,237245,True,True
EMSR342_06NORTHNORMANTON_DEL_v1_r01024_c04888,EMSR342_06NORTHNORMANTON_DEL_v1,EMSR342,True,1024,4888,0.030079,74063,37,74026,False,False
EMSR342_06NORTHNORMANTON_DEL_v1_r01536_c00000,EMSR342_06NORTHNORMANTON_DEL_v1,EMSR342,True,1536,0,0.071739,242566,117532,125034,False,False
EMSR342_06NORTHNORMANTON_DEL_v1_r01536_c00512,EMSR342_06NORTHNORMANTON_DEL_v1,EMSR342,True,1536,512,0.000000,210463,160488,49975,True,True
EMSR342_06NORTHNORMANTON_DEL_v1_r01536_c01024,EMSR342_06NORTHNORMANTON_DEL_v1,EMSR342,True,1536,1024,0.000000,35304,19940,15364,True,True
EMSR342_06NORTHNORMANTON_DEL_v1_r01536_c01536,EMSR342_06NORTHNORMANTON_DEL_v1,EMSR342,True,1536,1536,0.000000,87787,24867,62920,True,True
EMSR342_06NORTHNORMANTON_DEL_v1_r01536_c02048,EMSR342_06NORTHNORMANTON_DEL_v1,EMSR342,True,1536,2048,0.000000,222056,160409,61647,True,True
EMSR342_06NORTHNORMANTON_DEL_v1_r01536_c02560,EMSR342_06NORTHNORMANTON_DEL_v1,EMSR342,True,1536,2560,0.000000,238783,205121,33662,True,True
EMSR342_06NORTHNORMANTON_DEL_v1_r01536_c03072,EMSR342_06NORTHNORMANTON_DEL_v1,EMSR342,True,1536,3072,0.000000,202298,160943,41355,True,True
EMSR342_06NORTHNORMANTON_DEL_v1_r01536_c03584,EMSR342_06NORTHNORMANTON_DEL_v1,EMSR342,True,1536,3584,0.000000,260535,185321,75214,True,True
EMSR342_06NORTHNORMANTON_DEL_v1_r01536_c04096,EMSR342_06NORTHNORMANTON_DEL_v1,EMSR342,True,1536,4096,0.000000,260934,121758,139176,True,True
EMSR342_06NORTHNORMANTON_DEL_v1_r01536_c04608,EMSR342_06NORTHNORMANTON_DEL_v1,EMSR342,True,1536,4608,0.000000,260791,17359,243432,True,True
EMSR342_06NORTHNORMANTON_DEL_v1_r01536_c04888,EMSR342_06NORTHNORMANTON_DEL_v1,EMSR342,True,1536,4888,0.026485,87434,21053,66381,False,False
EMSR342_06NORTHNORMANTON_DEL_v1_r02048_c00000,EMSR342_06NORTHNORMANTON_DEL_v1,EMSR342,True,2048,0,0.062504,231836,167882,63954,False,False
EMSR342_06NORTHNORMANTON_DEL_v1_r02048_c00512,EMSR342_06NORTHNORMANTON_DEL_v1,EMSR342,True,2048,512,0.000000,247883,246122,1761,True,True
EMSR342_06NORTHNORMANTON_DEL_v1_r02048_c01024,EMSR342_06NORTHNORMANTON_DEL_v1,EMSR342,True,2048,1024,0.000000,42286,37759,4527,True,True
EMSR342_06NORTHNORMANTON_DEL_v1_r02048_c01536,EMSR342_06NORTHNORMANTON_DEL_v1,EMSR342,True,2048,1536,0.000000,167425,39408,128017,True,True
EMSR342_06NORTHNORMANTON_DEL_v1_r02048_c02048,EMSR342_06NORTHNORMANTON_DEL_v1,EMSR342,True,2048,2048,0.000000,260405,35179,225226,True,True
EMSR342_06NORTHNORMANTON_DEL_v1_r02048_c02560,EMSR342_06NORTHNORMANTON_DEL_v1,EMSR342,True,2048,2560,0.000000,254053,123255,130798,True,True
EMSR342_06NORTHNORMANTON_DEL_v1_r02048_c03072,EMSR342_06NORTHNORMANTON_DEL_v1,EMSR342,True,2048,3072,0.000000,259312,94683,164629,True,True
EMSR342_06NORTHNORMANTON_DEL_v1_r02048_c03584,EMSR342_06NORTHNORMANTON_DEL_v1,EMSR342,True,2048,3584,0.000000,260337,90649,169688,True,True
EMSR342_06NORTHNORMANTON_DEL_v1_r02048_c04096,EMSR342_06NORTHNORMANTON_DEL_v1,EMSR342,True,2048,4096,0.000000,262124,175384,86740,True,True
EMSR342_06NORTHNORMANTON_DEL_v1_r02048_c04608,EMSR342_06NORTHNORMANTON_DEL_v1,EMSR342,True,2048,4608,0.000000,247549,57995,189554,True,True
EMSR342_06NORTHNORMANTON_DEL_v1_r02048_c04888,EMSR342_06NORTHNORMANTON_DEL_v1,EMSR342,True,2048,4888,0.023129,133576,9363,124213,False,False
EMSR342_06NORTHNORMANTON_DEL_v1_r02560_c00000,EMSR342_06NORTHNORMANTON_DEL_v1,EMSR342,True,2560,0,0.053268,200882,184050,16832,False,False
EMSR342_06NORTHNORMANTON_DEL_v1_r02560_c00512,EMSR342_06NORTHNORMANTON_DEL_v1,EMSR342,True,2560,512,0.000000,198461,184499,13962,True,True
EMSR342_06NORTHNORMANTON_DEL_v1_r02560_c01024,EMSR342_06NORTHNORMANTON_DEL_v1,EMSR342,True,2560,1024,0.000000,59242,56837,2405,True,True
EMSR342_06NORTHNORMANTON_DEL_v1_r02560_c01536,EMSR342_06NORTHNORMANTON_DEL_v1,EMSR342,True,2560,1536,0.000000,205580,84330,121250,True,True
EMSR342_06NORTHNORMANTON_DEL_v1_r02560_c02048,EMSR342_06NORTHNORMANTON_DEL_v1,EMSR342,True,2560,2048,0.000000,262059,0,262059,True,True
EMSR342_06NORTHNORMANTON_DEL_v1_r02560_c02560,EMSR342_06NORTHNORMANTON_DEL_v1,EMSR342,True,2560,2560,0.000000,261942,9045,252897,True,True
EMSR342_06NORTHNORMANTON_DEL_v1_r02560_c03072,EMSR342_06NORTHNORMANTON_DEL_v1,EMSR342,True,2560,3072,0.000000,262142,0,262142,True,True
EMSR342_06NORTHNORMANTON_DEL_v1_r02560_c03584,EMSR342_06NORTHNORMANTON_DEL_v1,EMSR342,True,2560,3584,0.000000,261930,1258,260672,True,True
EMSR342_06NORTHNORMANTON_DEL_v1_r02560_c04096,EMSR342_06NORTHNORMANTON_DEL_v1,EMSR342,True,2560,4096,0.000000,261969,73451,188518,True,True
EMSR342_06NORTHNORMANTON_DEL_v1_r02560_c04608,EMSR342_06NORTHNORMANTON_DEL_v1,EMSR342,True,2560,4608,0.000000,262134,101945,160189,True,True
EMSR342_06NORTHNORMANTON_DEL_v1_r02560_c04888,EMSR342_06NORTHNORMANTON_DEL_v1,EMSR342,True,2560,4888,0.019798,138168,39800,98368,False,False
EMSR342_06NORTHNORMANTON_DEL_v1_r03072_c00000,EMSR342_06NORTHNORMANTON_DEL_v1,EMSR342,True,3072,0,0.044094,165849,148416,17433,False,False
EMSR342_06NORTHNORMANTON_DEL_v1_r03072_c00512,EMSR342_06NORTHNORMANTON_DEL_v1,EMSR342,True,3072,512,0.000000,48551,42932,5619,True,True
EMSR342_06NORTHNORMANTON_DEL_v1_r03072_c01024,EMSR342_06NORTHNORMANTON_DEL_v1,EMSR342,True,3072,1024,0.000000,171273,150608,20665,True,True
EMSR342_06NORTHNORMANTON_DEL_v1_r03072_c01536,EMSR342_06NORTHNORMANTON_DEL_v1,EMSR342,True,3072,1536,0.000000,75836,65625,10211,True,True
EMSR342_06NORTHNORMANTON_DEL_v1_r03072_c02048,EMSR342_06NORTHNORMANTON_DEL_v1,EMSR342,True,3072,2048,0.000000,238577,25925,212652,True,True
EMSR342_06NORTHNORMANTON_DEL_v1_r03072_c02560,EMSR342_06NORTHNORMANTON_DEL_v1,EMSR342,True,3072,2560,0.000000,259112,0,259112,True,True
EMSR342_06NORTHNORMANTON_DEL_v1_r03072_c03072,EMSR342_06NORTHNORMANTON_DEL_v1,EMSR342,True,3072,3072,0.000000,262144,0,262144,True,True
EMSR342_06NORTHNORMANTON_DEL_v1_r03072_c03584,EMSR342_06NORTHNORMANTON_DEL_v1,EMSR342,True,3072,3584,0.000000,262143,727,261416,True,True
EMSR342_06NORTHNORMANTON_DEL_v1_r03072_c04096,EMSR342_06NORTHNORMANTON_DEL_v1,EMSR342,True,3072,4096,0.000000,262130,80899,181231,True,True
EMSR342_06NORTHNORMANTON_DEL_v1_r03072_c04608,EMSR342_06NORTHNORMANTON_DEL_v1,EMSR342,True,3072,4608,0.000000,262122,56861,205261,True,True
EMSR342_06NORTHNORMANTON_DEL_v1_r03072_c04888,EMSR342_06NORTHNORMANTON_DEL_v1,EMSR342,True,3072,4888,0.016460,139045,1801,137244,False,False
EMSR342_06NORTHNORMANTON_DEL_v1_r03584_c00000,EMSR342_06NORTHNORMANTON_DEL_v1,EMSR342,True,3584,0,0.034920,239607,199206,40401,False,False
EMSR342_06NORTHNORMANTON_DEL_v1_r03584_c00512,EMSR342_06NORTHNORMANTON_DEL_v1,EMSR342,True,3584,512,0.000000,20360,20116,244,False,True
EMSR342_06NORTHNORMANTON_DEL_v1_r03584_c01024,EMSR342_06NORTHNORMANTON_DEL_v1,EMSR342,True,3584,1024,0.000000,61206,50343,10863,True,True
EMSR342_06NORTHNORMANTON_DEL_v1_r03584_c01536,EMSR342_06NORTHNORMANTON_DEL_v1,EMSR342,True,3584,1536,0.000000,197337,152243,45094,True,True
EMSR342_06NORTHNORMANTON_DEL_v1_r03584_c02048,EMSR342_06NORTHNORMANTON_DEL_v1,EMSR342,True,3584,2048,0.000000,234882,16190,218692,True,True
EMSR342_06NORTHNORMANTON_DEL_v1_r03584_c02560,EMSR342_06NORTHNORMANTON_DEL_v1,EMSR342,True,3584,2560,0.000000,241725,13,241712,True,True
EMSR342_06NORTHNORMANTON_DEL_v1_r03584_c03072,EMSR342_06NORTHNORMANTON_DEL_v1,EMSR342,True,3584,3072,0.000000,259821,0,259821,True,True
EMSR342_06NORTHNORMANTON_DEL_v1_r03584_c03584,EMSR342_06NORTHNORMANTON_DEL_v1,EMSR342,True,3584,3584,0.000000,262123,0,262123,True,True
EMSR342_06NORTHNORMANTON_DEL_v1_r03584_c04096,EMSR342_06NORTHNORMANTON_DEL_v1,EMSR342,True,3584,4096,0.000000,255453,14859,240594,True,True
EMSR342_06NORTHNORMANTON_DEL_v1_r03584_c04608,EMSR342_06NORTHNORMANTON_DEL_v1,EMSR342,True,3584,4608,0.000000,241270,53547,187723,True,True
EMSR342_06NORTHNORMANTON_DEL_v1_r03584_c04888,EMSR342_06NORTHNORMANTON_DEL_v1,EMSR342,True,3584,4888,0.012848,82977,0,82977,False,False
EMSR342_06NORTHNORMANTON_DEL_v1_r04096_c00000,EMSR342_06NORTHNORMANTON_DEL_v1,EMSR342,True,4096,0,0.025627,252947,246121,6826,False,False
EMSR342_06NORTHNORMANTON_DEL_v1_r04096_c00512,EMSR342_06NORTHNORMANTON_DEL_v1,EMSR342,True,4096,512,0.000000,93574,93111,463,True,True
EMSR342_06NORTHNORMANTON_DEL_v1_r04096_c01024,EMSR342_06NORTHNORMANTON_DEL_v1,EMSR342,True,4096,1024,0.000000,2268,1615,653,False,True
EMSR342_06NORTHNORMANTON_DEL_v1_r04096_c01536,EMSR342_06NORTHNORMANTON_DEL_v1,EMSR342,True,4096,1536,0.000000,180461,79775,100686,True,True
EMSR342_06NORTHNORMANTON_DEL_v1_r04096_c02048,EMSR342_06NORTHNORMANTON_DEL_v1,EMSR342,True,4096,2048,0.000000,262140,0,262140,True,True
EMSR342_06NORTHNORMANTON_DEL_v1_r04096_c02560,EMSR342_06NORTHNORMANTON_DEL_v1,EMSR342,True,4096,2560,0.000000,253362,1615,251747,True,True
EMSR342_06NORTHNORMANTON_DEL_v1_r04096_c03072,EMSR342_06NORTHNORMANTON_DEL_v1,EMSR342,True,4096,3072,0.000000,249164,0,249164,True,True
EMSR342_06NORTHNORMANTON_DEL_v1_r04096_c03584,EMSR342_06NORTHNORMANTON_DEL_v1,EMSR342,True,4096,3584,0.000000,262144,0,262144,True,True
EMSR342_06NORTHNORMANTON_DEL_v1_r04096_c04096,EMSR342_06NORTHNORMANTON_DEL_v1,EMSR342,True,4096,4096,0.000000,242278,0,242278,True,True
EMSR342_06NORTHNORMANTON_DEL_v1_r04096_c04608,EMSR342_06NORTHNORMANTON_DEL_v1,EMSR342,True,4096,4608,0.000000,131691,31267,100424,True,True
EMSR342_06NORTHNORMANTON_DEL_v1_r04096_c04888,EMSR342_06NORTHNORMANTON_DEL_v1,EMSR342,True,4096,4888,0.009514,93510,4168,89342,True,True
EMSR342_06NORTHNORMANTON_DEL_v1_r04608_c00000,EMSR342_06NORTHNORMANTON_DEL_v1,EMSR342,True,4608,0,0.016449,257820,198191,59629,False,False
EMSR342_06NORTHNORMANTON_DEL_v1_r04608_c00512,EMSR342_06NORTHNORMANTON_DEL_v1,EMSR342,True,4608,512,0.000000,83802,83378,424,True,True
EMSR342_06NORTHNORMANTON_DEL_v1_r04608_c01024,EMSR342_06NORTHNORMANTON_DEL_v1,EMSR342,True,4608,1024,0.000000,3854,3854,0,False,True
EMSR342_06NORTHNORMANTON_DEL_v1_r04608_c01536,EMSR342_06NORTHNORMANTON_DEL_v1,EMSR342,True,4608,1536,0.000000,47793,13616,34177,True,True
EMSR342_06NORTHNORMANTON_DEL_v1_r04608_c02048,EMSR342_06NORTHNORMANTON_DEL_v1,EMSR342,True,4608,2048,0.000000,259957,0,259957,True,True
EMSR342_06NORTHNORMANTON_DEL_v1_r04608_c02560,EMSR342_06NORTHNORMANTON_DEL_v1,EMSR342,True,4608,2560,0.000000,257904,0,257904,True,True
EMSR342_06NORTHNORMANTON_DEL_v1_r04608_c03072,EMSR342_06NORTHNORMANTON_DEL_v1,EMSR342,True,4608,3072,0.000000,185165,8,185157,True,True
EMSR342_06NORTHNORMANTON_DEL_v1_r04608_c03584,EMSR342_06NORTHNORMANTON_DEL_v1,EMSR342,True,4608,3584,0.000000,229984,0,229984,True,True
EMSR342_06NORTHNORMANTON_DEL_v1_r04608_c04096,EMSR342_06NORTHNORMANTON_DEL_v1,EMSR342,True,4608,4096,0.000000,220406,15847,204559,True,True
EMSR342_06NORTHNORMANTON_DEL_v1_r04608_c04608,EMSR342_06NORTHNORMANTON_DEL_v1,EMSR342,True,4608,4608,0.000000,185885,98270,87615,True,True
EMSR342_06NORTHNORMANTON_DEL_v1_r04608_c04888,EMSR342_06NORTHNORMANTON_DEL_v1,EMSR342,True,4608,4888,0.006184,74615,5857,68758,True,True
EMSR342_06NORTHNORMANTON_DEL_v1_r05120_c00000,EMSR342_06NORTHNORMANTON_DEL_v1,EMSR342,True,5120,0,0.007275,249177,196399,52778,True,True
EMSR342_06NORTHNORMANTON_DEL_v1_r05120_c00512,EMSR342_06NORTHNORMANTON_DEL_v1,EMSR342,True,5120,512,0.000000,192194,192194,0,True,True
EMSR342_06NORTHNORMANTON_DEL_v1_r05120_c01024,EMSR342_06NORTHNORMANTON_DEL_v1,EMSR342,True,5120,1024,0.000000,120503,120461,42,True,True
EMSR342_06NORTHNORMANTON_DEL_v1_r05120_c01536,EMSR342_06NORTHNORMANTON_DEL_v1,EMSR342,True,5120,1536,0.000000,126311,88365,37946,True,True
EMSR342_06NORTHNORMANTON_DEL_v1_r05120_c02048,EMSR342_06NORTHNORMANTON_DEL_v1,EMSR342,True,5120,2048,0.000000,253310,5032,248278,True,True
EMSR342_06NORTHNORMANTON_DEL_v1_r05120_c02560,EMSR342_06NORTHNORMANTON_DEL_v1,EMSR342,True,5120,2560,0.000000,261961,0,261961,True,True
EMSR342_06NORTHNORMANTON_DEL_v1_r05120_c03072,EMSR342_06NORTHNORMANTON_DEL_v1,EMSR342,True,5120,3072,0.000000,184902,0,184902,True,True
EMSR342_06NORTHNORMANTON_DEL_v1_r05120_c03584,EMSR342_06NORTHNORMANTON_DEL_v1,EMSR342,True,5120,3584,0.000000,118442,0,118442,True,True
EMSR342_06NORTHNORMANTON_DEL_v1_r05120_c04096,EMSR342_06NORTHNORMANTON_DEL_v1,EMSR342,True,5120,4096,0.000000,128254,23369,104885,True,True
EMSR342_06NORTHNORMANTON_DEL_v1_r05120_c04608,EMSR342_06NORTHNORMANTON_DEL_v1,EMSR342,True,5120,4608,0.000000,142081,65647,76434,True,True
EMSR342_06NORTHNORMANTON_DEL_v1_r05120_c04888,EMSR342_06NORTHNORMANTON_DEL_v1,EMSR342,True,5120,4888,0.002819,55156,13282,41874,True,True
EMSR342_06NORTHNORMANTON_DEL_v1_r05219_c00000,EMSR342_06NORTHNORMANTON_DEL_v1,EMSR342,True,5219,0,0.006657,41938,38466,3472,True,True
EMSR342_06NORTHNORMANTON_DEL_v1_r05219_c00512,EMSR342_06NORTHNORMANTON_DEL_v1,EMSR342,True,5219,512,0.001953,14000,14000,0,False,True
EMSR342_06NORTHNORMANTON_DEL_v1_r05219_c01024,EMSR342_06NORTHNORMANTON_DEL_v1,EMSR342,True,5219,1024,0.001953,21938,21832,106,False,True
EMSR342_06NORTHNORMANTON_DEL_v1_r05219_c01536,EMSR342_06NORTHNORMANTON_DEL_v1,EMSR342,True,5219,1536,0.001953,3961,3867,94,False,True
EMSR342_06NORTHNORMANTON_DEL_v1_r05219_c02048,EMSR342_06NORTHNORMANTON_DEL_v1,EMSR342,True,5219,2048,0.001953,36950,1812,35138,True,True
EMSR342_06NORTHNORMANTON_DEL_v1_r05219_c02560,EMSR342_06NORTHNORMANTON_DEL_v1,EMSR342,True,5219,2560,0.003342,49812,0,49812,True,True
EMSR342_06NORTHNORMANTON_DEL_v1_r05219_c03072,EMSR342_06NORTHNORMANTON_DEL_v1,EMSR342,True,5219,3072,0.003906,28938,0,28938,True,True
EMSR342_06NORTHNORMANTON_DEL_v1_r05219_c03584,EMSR342_06NORTHNORMANTON_DEL_v1,EMSR342,True,5219,3584,0.003906,3241,0,3241,False,True
EMSR342_06NORTHNORMANTON_DEL_v1_r05219_c04096,EMSR342_06NORTHNORMANTON_DEL_v1,EMSR342,True,5219,4096,0.003906,8178,1717,6461,False,True
EMSR342_06NORTHNORMANTON_DEL_v1_r05219_c04608,EMSR342_06NORTHNORMANTON_DEL_v1,EMSR342,True,5219,4608,0.003906,39437,13493,25944,True,True
EMSR342_06NORTHNORMANTON_DEL_v1_r05219_c04888,EMSR342_06NORTHNORMANTON_DEL_v1,EMSR342,True,5219,4888,0.006748,25851,877,24974,False,True
EMSR342_07SOUTHNORMANTON_DEL_MONIT03_v2_r00000_c00000,EMSR342_07SOUTHNORMANTON_DEL_MONIT03_v2,EMSR342,False,0,0,0.099285,236041,180442,55599,False,False
EMSR342_07SOUTHNORMANTON_DEL_MONIT03_v2_r00000_c00512,EMSR342_07SOUTHNORMANTON_DEL_MONIT03_v2,EMSR342,False,0,512,0.004135,259078,259034,44,True,True
EMSR342_07SOUTHNORMANTON_DEL_MONIT03_v2_r00000_c01024,EMSR342_07SOUTHNORMANTON_DEL_MONIT03_v2,EMSR342,False,0,1024,0.003906,244538,244538,0,True,True
EMSR342_07SOUTHNORMANTON_DEL_MONIT03_v2_r00000_c01536,EMSR342_07SOUTHNORMANTON_DEL_MONIT03_v2,EMSR342,False,0,1536,0.003906,261120,261052,68,True,True
EMSR342_07SOUTHNORMANTON_DEL_MONIT03_v2_r00000_c02048,EMSR342_07SOUTHNORMANTON_DEL_MONIT03_v2,EMSR342,False,0,2048,0.003906,258065,124553,133512,True,True
EMSR342_07SOUTHNORMANTON_DEL_MONIT03_v2_r00000_c02560,EMSR342_07SOUTHNORMANTON_DEL_MONIT03_v2,EMSR342,False,0,2560,0.003895,237074,9,237065,True,True
EMSR342_07SOUTHNORMANTON_DEL_MONIT03_v2_r00000_c03072,EMSR342_07SOUTHNORMANTON_DEL_MONIT03_v2,EMSR342,False,0,3072,0.001953,246954,0,246954,True,True
EMSR342_07SOUTHNORMANTON_DEL_MONIT03_v2_r00000_c03584,EMSR342_07SOUTHNORMANTON_DEL_MONIT03_v2,EMSR342,False,0,3584,0.001953,246274,9257,237017,True,True
EMSR342_07SOUTHNORMANTON_DEL_MONIT03_v2_r00000_c04096,EMSR342_07SOUTHNORMANTON_DEL_MONIT03_v2,EMSR342,False,0,4096,0.001953,261183,228552,32631,True,True
EMSR342_07SOUTHNORMANTON_DEL_MONIT03_v2_r00000_c04608,EMSR342_07SOUTHNORMANTON_DEL_MONIT03_v2,EMSR342,False,0,4608,0.001953,261632,261345,287,True,True
EMSR342_07SOUTHNORMANTON_DEL_MONIT03_v2_r00000_c04957,EMSR342_07SOUTHNORMANTON_DEL_MONIT03_v2,EMSR342,False,0,4957,0.037830,168934,27527,141407,False,False
EMSR342_07SOUTHNORMANTON_DEL_MONIT03_v2_r00512_c00000,EMSR342_07SOUTHNORMANTON_DEL_MONIT03_v2,EMSR342,False,512,0,0.084942,239804,106826,132978,False,False
EMSR342_07SOUTHNORMANTON_DEL_MONIT03_v2_r00512_c00512,EMSR342_07SOUTHNORMANTON_DEL_MONIT03_v2,EMSR342,False,512,512,0.000000,262105,262078,27,True,True
EMSR342_07SOUTHNORMANTON_DEL_MONIT03_v2_r00512_c01024,EMSR342_07SOUTHNORMANTON_DEL_MONIT03_v2,EMSR342,False,512,1024,0.000000,261810,261810,0,True,True
EMSR342_07SOUTHNORMANTON_DEL_MONIT03_v2_r00512_c01536,EMSR342_07SOUTHNORMANTON_DEL_MONIT03_v2,EMSR342,False,512,1536,0.000000,258477,258477,0,True,True
EMSR342_07SOUTHNORMANTON_DEL_MONIT03_v2_r00512_c02048,EMSR342_07SOUTHNORMANTON_DEL_MONIT03_v2,EMSR342,False,512,2048,0.000000,262120,129784,132336,True,True
EMSR342_07SOUTHNORMANTON_DEL_MONIT03_v2_r00512_c02560,EMSR342_07SOUTHNORMANTON_DEL_MONIT03_v2,EMSR342,False,512,2560,0.000000,238744,9,238735,True,True
EMSR342_07SOUTHNORMANTON_DEL_MONIT03_v2_r00512_c03072,EMSR342_07SOUTHNORMANTON_DEL_MONIT03_v2,EMSR342,False,512,3072,0.000000,235769,179,235590,True,True
EMSR342_07SOUTHNORMANTON_DEL_MONIT03_v2_r00512_c03584,EMSR342_07SOUTHNORMANTON_DEL_MONIT03_v2,EMSR342,False,512,3584,0.000000,226988,3813,223175,True,True
EMSR342_07SOUTHNORMANTON_DEL_MONIT03_v2_r00512_c04096,EMSR342_07SOUTHNORMANTON_DEL_MONIT03_v2,EMSR342,False,512,4096,0.000000,255304,190287,65017,True,True
EMSR342_07SOUTHNORMANTON_DEL_MONIT03_v2_r00512_c04608,EMSR342_07SOUTHNORMANTON_DEL_MONIT03_v2,EMSR342,False,512,4608,0.000000,262143,258810,3333,True,True
EMSR342_07SOUTHNORMANTON_DEL_MONIT03_v2_r00512_c04957,EMSR342_07SOUTHNORMANTON_DEL_MONIT03_v2,EMSR342,False,512,4957,0.032375,170201,79207,90994,False,False
EMSR342_07SOUTHNORMANTON_DEL_MONIT03_v2_r01024_c00000,EMSR342_07SOUTHNORMANTON_DEL_MONIT03_v2,EMSR342,False,1024,0,0.075897,240605,55762,184843,False,False
EMSR342_07SOUTHNORMANTON_DEL_MONIT03_v2_r01024_c00512,EMSR342_07SOUTHNORMANTON_DEL_MONIT03_v2,EMSR342,False,1024,512,0.000000,262144,260425,1719,True,True
EMSR342_07SOUTHNORMANTON_DEL_MONIT03_v2_r01024_c01024,EMSR342_07SOUTHNORMANTON_DEL_MONIT03_v2,EMSR342,False,1024,1024,0.000000,261741,261741,0,True,True
EMSR342_07SOUTHNORMANTON_DEL_MONIT03_v2_r01024_c01536,EMSR342_07SOUTHNORMANTON_DEL_MONIT03_v2,EMSR342,False,1024,1536,0.000000,259488,259488,0,True,True
EMSR342_07SOUTHNORMANTON_DEL_MONIT03_v2_r01024_c02048,EMSR342_07SOUTHNORMANTON_DEL_MONIT03_v2,EMSR342,False,1024,2048,0.000000,262108,131061,131047,True,True
EMSR342_07SOUTHNORMANTON_DEL_MONIT03_v2_r01024_c02560,EMSR342_07SOUTHNORMANTON_DEL_MONIT03_v2,EMSR342,False,1024,2560,0.000000,254235,0,254235,True,True
EMSR342_07SOUTHNORMANTON_DEL_MONIT03_v2_r01024_c03072,EMSR342_07SOUTHNORMANTON_DEL_MONIT03_v2,EMSR342,False,1024,3072,0.000000,255472,27,255445,True,True
EMSR342_07SOUTHNORMANTON_DEL_MONIT03_v2_r01024_c03584,EMSR342_07SOUTHNORMANTON_DEL_MONIT03_v2,EMSR342,False,1024,3584,0.000000,245655,6,245649,True,True
EMSR342_07SOUTHNORMANTON_DEL_MONIT03_v2_r01024_c04096,EMSR342_07SOUTHNORMANTON_DEL_MONIT03_v2,EMSR342,False,1024,4096,0.000000,254314,149219,105095,True,True
EMSR342_07SOUTHNORMANTON_DEL_MONIT03_v2_r01024_c04608,EMSR342_07SOUTHNORMANTON_DEL_MONIT03_v2,EMSR342,False,1024,4608,0.000000,262144,258034,4110,True,True
EMSR342_07SOUTHNORMANTON_DEL_MONIT03_v2_r01024_c04957,EMSR342_07SOUTHNORMANTON_DEL_MONIT03_v2,EMSR342,False,1024,4957,0.029099,171059,127262,43797,False,False
EMSR342_07SOUTHNORMANTON_DEL_MONIT03_v2_r01536_c00000,EMSR342_07SOUTHNORMANTON_DEL_MONIT03_v2,EMSR342,False,1536,0,0.066700,244612,56099,188513,False,False
EMSR342_07SOUTHNORMANTON_DEL_MONIT03_v2_r01536_c00512,EMSR342_07SOUTHNORMANTON_DEL_MONIT03_v2,EMSR342,False,1536,512,0.000000,262144,254982,7162,True,True
EMSR342_07SOUTHNORMANTON_DEL_MONIT03_v2_r01536_c01024,EMSR342_07SOUTHNORMANTON_DEL_MONIT03_v2,EMSR342,False,1536,1024,0.000000,262144,257984,4160,True,True
EMSR342_07SOUTHNORMANTON_DEL_MONIT03_v2_r01536_c01536,EMSR342_07SOUTHNORMANTON_DEL_MONIT03_v2,EMSR342,False,1536,1536,0.000000,260479,260462,17,True,True
EMSR342_07SOUTHNORMANTON_DEL_MONIT03_v2_r01536_c02048,EMSR342_07SOUTHNORMANTON_DEL_MONIT03_v2,EMSR342,False,1536,2048,0.000000,261436,213188,48248,True,True
EMSR342_07SOUTHNORMANTON_DEL_MONIT03_v2_r01536_c02560,EMSR342_07SOUTHNORMANTON_DEL_MONIT03_v2,EMSR342,False,1536,2560,0.000000,256178,0,256178,True,True
EMSR342_07SOUTHNORMANTON_DEL_MONIT03_v2_r01536_c03072,EMSR342_07SOUTHNORMANTON_DEL_MONIT03_v2,EMSR342,False,1536,3072,0.000000,258224,0,258224,True,True
EMSR342_07SOUTHNORMANTON_DEL_MONIT03_v2_r01536_c03584,EMSR342_07SOUTHNORMANTON_DEL_MONIT03_v2,EMSR342,False,1536,3584,0.000000,257999,0,257999,True,True
EMSR342_07SOUTHNORMANTON_DEL_MONIT03_v2_r01536_c04096,EMSR342_07SOUTHNORMANTON_DEL_MONIT03_v2,EMSR342,False,1536,4096,0.000000,261866,144849,117017,True,True
EMSR342_07SOUTHNORMANTON_DEL_MONIT03_v2_r01536_c04608,EMSR342_07SOUTHNORMANTON_DEL_MONIT03_v2,EMSR342,False,1536,4608,0.000000,262133,261843,290,True,True
EMSR342_07SOUTHNORMANTON_DEL_MONIT03_v2_r01536_c04957,EMSR342_07SOUTHNORMANTON_DEL_MONIT03_v2,EMSR342,False,1536,4957,0.025841,171911,131187,40724,False,False
EMSR342_07SOUTHNORMANTON_DEL_MONIT03_v2_r02048_c00000,EMSR342_07SOUTHNORMANTON_DEL_MONIT03_v2,EMSR342,False,2048,0,0.057655,247030,156685,90345,False,False
EMSR342_07SOUTHNORMANTON_DEL_MONIT03_v2_r02048_c00512,EMSR342_07SOUTHNORMANTON_DEL_MONIT03_v2,EMSR342,False,2048,512,0.000000,262144,221968,40176,True,True
EMSR342_07SOUTHNORMANTON_DEL_MONIT03_v2_r02048_c01024,EMSR342_07SOUTHNORMANTON_DEL_MONIT03_v2,EMSR342,False,2048,1024,0.000000,262144,98619,163525,True,True
EMSR342_07SOUTHNORMANTON_DEL_MONIT03_v2_r02048_c01536,EMSR342_07SOUTHNORMANTON_DEL_MONIT03_v2,EMSR342,False,2048,1536,0.000000,262101,262035,66,True,True
EMSR342_07SOUTHNORMANTON_DEL_MONIT03_v2_r02048_c02048,EMSR342_07SOUTHNORMANTON_DEL_MONIT03_v2,EMSR342,False,2048,2048,0.000000,261946,231474,30472,True,True
EMSR342_07SOUTHNORMANTON_DEL_MONIT03_v2_r02048_c02560,EMSR342_07SOUTHNORMANTON_DEL_MONIT03_v2,EMSR342,False,2048,2560,0.000000,258417,0,258417,True,True
EMSR342_07SOUTHNORMANTON_DEL_MONIT03_v2_r02048_c03072,EMSR342_07SOUTHNORMANTON_DEL_MONIT03_v2,EMSR342,False,2048,3072,0.000000,256582,0,256582,True,True
EMSR342_07SOUTHNORMANTON_DEL_MONIT03_v2_r02048_c03584,EMSR342_07SOUTHNORMANTON_DEL_MONIT03_v2,EMSR342,False,2048,3584,0.000000,249529,0,249529,True,True
EMSR342_07SOUTHNORMANTON_DEL_MONIT03_v2_r02048_c04096,EMSR342_07SOUTHNORMANTON_DEL_MONIT03_v2,EMSR342,False,2048,4096,0.000000,260070,149985,110085,True,True
EMSR342_07SOUTHNORMANTON_DEL_MONIT03_v2_r02048_c04608,EMSR342_07SOUTHNORMANTON_DEL_MONIT03_v2,EMSR342,False,2048,4608,0.000000,262099,261815,284,True,True
EMSR342_07SOUTHNORMANTON_DEL_MONIT03_v2_r02048_c04957,EMSR342_07SOUTHNORMANTON_DEL_MONIT03_v2,EMSR342,False,2048,4957,0.022438,172803,158884,13919,False,False
EMSR342_07SOUTHNORMANTON_DEL_MONIT03_v2_r02560_c00000,EMSR342_07SOUTHNORMANTON_DEL_MONIT03_v2,EMSR342,False,2560,0,0.048595,249405,191137,58268,False,False
EMSR342_07SOUTHNORMANTON_DEL_MONIT03_v2_r02560_c00512,EMSR342_07SOUTHNORMANTON_DEL_MONIT03_v2,EMSR342,False,2560,512,0.000000,262144,232502,29642,True,True
EMSR342_07SOUTHNORMANTON_DEL_MONIT03_v2_r02560_c01024,EMSR342_07SOUTHNORMANTON_DEL_MONIT03_v2,EMSR342,False,2560,1024,0.000000,262144,10353,251791,True,True
EMSR342_07SOUTHNORMANTON_DEL_MONIT03_v2_r02560_c01536,EMSR342_07SOUTHNORMANTON_DEL_MONIT03_v2,EMSR342,False,2560,1536,0.000000,262144,260536,1608,True,True
EMSR342_07SOUTHNORMANTON_DEL_MONIT03_v2_r02560_c02048,EMSR342_07SOUTHNORMANTON_DEL_MONIT03_v2,EMSR342,False,2560,2048,0.000000,262144,197419,64725,True,True
EMSR342_07SOUTHNORMANTON_DEL_MONIT03_v2_r02560_c02560,EMSR342_07SOUTHNORMANTON_DEL_MONIT03_v2,EMSR342,False,2560,2560,0.000000,255331,0,255331,True,True
EMSR342_07SOUTHNORMANTON_DEL_MONIT03_v2_r02560_c03072,EMSR342_07SOUTHNORMANTON_DEL_MONIT03_v2,EMSR342,False,2560,3072,0.000000,260581,0,260581,True,True
EMSR342_07SOUTHNORMANTON_DEL_MONIT03_v2_r02560_c03584,EMSR342_07SOUTHNORMANTON_DEL_MONIT03_v2,EMSR342,False,2560,3584,0.000000,255218,0,255218,True,True
EMSR342_07SOUTHNORMANTON_DEL_MONIT03_v2_r02560_c04096,EMSR342_07SOUTHNORMANTON_DEL_MONIT03_v2,EMSR342,False,2560,4096,0.000000,262124,166608,95516,True,True
EMSR342_07SOUTHNORMANTON_DEL_MONIT03_v2_r02560_c04608,EMSR342_07SOUTHNORMANTON_DEL_MONIT03_v2,EMSR342,False,2560,4608,0.000000,261057,260218,839,True,True
EMSR342_07SOUTHNORMANTON_DEL_MONIT03_v2_r02560_c04957,EMSR342_07SOUTHNORMANTON_DEL_MONIT03_v2,EMSR342,False,2560,4957,0.018993,173709,169801,3908,False,False
EMSR342_07SOUTHNORMANTON_DEL_MONIT03_v2_r03072_c00000,EMSR342_07SOUTHNORMANTON_DEL_MONIT03_v2,EMSR342,False,3072,0,0.039410,251813,196506,55307,False,False
EMSR342_07SOUTHNORMANTON_DEL_MONIT03_v2_r03072_c00512,EMSR342_07SOUTHNORMANTON_DEL_MONIT03_v2,EMSR342,False,3072,512,0.000000,262140,202305,59835,True,True
EMSR342_07SOUTHNORMANTON_DEL_MONIT03_v2_r03072_c01024,EMSR342_07SOUTHNORMANTON_DEL_MONIT03_v2,EMSR342,False,3072,1024,0.000000,262144,7043,255101,True,True
EMSR342_07SOUTHNORMANTON_DEL_MONIT03_v2_r03072_c01536,EMSR342_07SOUTHNORMANTON_DEL_MONIT03_v2,EMSR342,False,3072,1536,0.000000,262142,257487,4655,True,True
EMSR342_07SOUTHNORMANTON_DEL_MONIT03_v2_r03072_c02048,EMSR342_07SOUTHNORMANTON_DEL_MONIT03_v2,EMSR342,False,3072,2048,0.000000,262144,248986,13158,True,True
EMSR342_07SOUTHNORMANTON_DEL_MONIT03_v2_r03072_c02560,EMSR342_07SOUTHNORMANTON_DEL_MONIT03_v2,EMSR342,False,3072,2560,0.000000,253876,4128,249748,True,True
EMSR342_07SOUTHNORMANTON_DEL_MONIT03_v2_r03072_c03072,EMSR342_07SOUTHNORMANTON_DEL_MONIT03_v2,EMSR342,False,3072,3072,0.000000,258985,0,258985,True,True
EMSR342_07SOUTHNORMANTON_DEL_MONIT03_v2_r03072_c03584,EMSR342_07SOUTHNORMANTON_DEL_MONIT03_v2,EMSR342,False,3072,3584,0.000000,258927,842,258085,True,True
EMSR342_07SOUTHNORMANTON_DEL_MONIT03_v2_r03072_c04096,EMSR342_07SOUTHNORMANTON_DEL_MONIT03_v2,EMSR342,False,3072,4096,0.000000,259108,230916,28192,True,True
EMSR342_07SOUTHNORMANTON_DEL_MONIT03_v2_r03072_c04608,EMSR342_07SOUTHNORMANTON_DEL_MONIT03_v2,EMSR342,False,3072,4608,0.000000,262144,262076,68,True,True
EMSR342_07SOUTHNORMANTON_DEL_MONIT03_v2_r03072_c04957,EMSR342_07SOUTHNORMANTON_DEL_MONIT03_v2,EMSR342,False,3072,4957,0.015732,174564,173719,845,False,False
EMSR342_07SOUTHNORMANTON_DEL_MONIT03_v2_r03584_c00000,EMSR342_07SOUTHNORMANTON_DEL_MONIT03_v2,EMSR342,False,3584,0,0.030369,254183,200994,53189,False,False
EMSR342_07SOUTHNORMANTON_DEL_MONIT03_v2_r03584_c00512,EMSR342_07SOUTHNORMANTON_DEL_MONIT03_v2,EMSR342,False,3584,512,0.000000,262144,112441,149703,True,True
EMSR342_07SOUTHNORMANTON_DEL_MONIT03_v2_r03584_c01024,EMSR342_07SOUTHNORMANTON_DEL_MONIT03_v2,EMSR342,False,3584,1024,0.000000,261778,26191,235587,True,True
EMSR342_07SOUTHNORMANTON_DEL_MONIT03_v2_r03584_c01536,EMSR342_07SOUTHNORMANTON_DEL_MONIT03_v2,EMSR342,False,3584,1536,0.000000,256848,247869,8979,True,True
EMSR342_07SOUTHNORMANTON_DEL_MONIT03_v2_r03584_c02048,EMSR342_07SOUTHNORMANTON_DEL_MONIT03_v2,EMSR342,False,3584,2048,0.000000,262144,214477,47667,True,True
EMSR342_07SOUTHNORMANTON_DEL_MONIT03_v2_r03584_c02560,EMSR342_07SOUTHNORMANTON_DEL_MONIT03_v2,EMSR342,False,3584,2560,0.000000,260984,8113,252871,True,True
EMSR342_07SOUTHNORMANTON_DEL_MONIT03_v2_r03584_c03072,EMSR342_07SOUTHNORMANTON_DEL_MONIT03_v2,EMSR342,False,3584,3072,0.000000,258729,0,258729,True,True
EMSR342_07SOUTHNORMANTON_DEL_MONIT03_v2_r03584_c03584,EMSR342_07SOUTHNORMANTON_DEL_MONIT03_v2,EMSR342,False,3584,3584,0.000000,259282,15757,243525,True,True
EMSR342_07SOUTHNORMANTON_DEL_MONIT03_v2_r03584_c04096,EMSR342_07SOUTHNORMANTON_DEL_MONIT03_v2,EMSR342,False,3584,4096,0.000000,260444,260388,56,True,True
EMSR342_07SOUTHNORMANTON_DEL_MONIT03_v2_r03584_c04608,EMSR342_07SOUTHNORMANTON_DEL_MONIT03_v2,EMSR342,False,3584,4608,0.000000,262144,262144,0,True,True
EMSR342_07SOUTHNORMANTON_DEL_MONIT03_v2_r03584_c04957,EMSR342_07SOUTHNORMANTON_DEL_MONIT03_v2,EMSR342,False,3584,4957,0.012470,175418,175406,12,False,False
EMSR342_07SOUTHNORMANTON_DEL_MONIT03_v2_r04096_c00000,EMSR342_07SOUTHNORMANTON_DEL_MONIT03_v2,EMSR342,False,4096,0,0.021290,256563,246956,9607,False,False
EMSR342_07SOUTHNORMANTON_DEL_MONIT03_v2_r04096_c00512,EMSR342_07SOUTHNORMANTON_DEL_MONIT03_v2,EMSR342,False,4096,512,0.000000,262144,107728,154416,True,True
EMSR342_07SOUTHNORMANTON_DEL_MONIT03_v2_r04096_c01024,EMSR342_07SOUTHNORMANTON_DEL_MONIT03_v2,EMSR342,False,4096,1024,0.000000,262144,110974,151170,True,True
EMSR342_07SOUTHNORMANTON_DEL_MONIT03_v2_r04096_c01536,EMSR342_07SOUTHNORMANTON_DEL_MONIT03_v2,EMSR342,False,4096,1536,0.000000,261001,253417,7584,True,True
EMSR342_07SOUTHNORMANTON_DEL_MONIT03_v2_r04096_c02048,EMSR342_07SOUTHNORMANTON_DEL_MONIT03_v2,EMSR342,False,4096,2048,0.000000,261983,91209,170774,True,True
EMSR342_07SOUTHNORMANTON_DEL_MONIT03_v2_r04096_c02560,EMSR342_07SOUTHNORMANTON_DEL_MONIT03_v2,EMSR342,False,4096,2560,0.000000,261389,39538,221851,True,True
EMSR342_07SOUTHNORMANTON_DEL_MONIT03_v2_r04096_c03072,EMSR342_07SOUTHNORMANTON_DEL_MONIT03_v2,EMSR342,False,4096,3072,0.000000,261780,90217,171563,True,True
EMSR342_07SOUTHNORMANTON_DEL_MONIT03_v2_r04096_c03584,EMSR342_07SOUTHNORMANTON_DEL_MONIT03_v2,EMSR342,False,4096,3584,0.000000,262125,181296,80829,True,True
EMSR342_07SOUTHNORMANTON_DEL_MONIT03_v2_r04096_c04096,EMSR342_07SOUTHNORMANTON_DEL_MONIT03_v2,EMSR342,False,4096,4096,0.000000,262119,261357,762,True,True
EMSR342_07SOUTHNORMANTON_DEL_MONIT03_v2_r04096_c04608,EMSR342_07SOUTHNORMANTON_DEL_MONIT03_v2,EMSR342,False,4096,4608,0.000000,262144,262144,0,True,True
EMSR342_07SOUTHNORMANTON_DEL_MONIT03_v2_r04096_c04957,EMSR342_07SOUTHNORMANTON_DEL_MONIT03_v2,EMSR342,False,4096,4957,0.008919,176350,176350,0,True,True
EMSR342_07SOUTHNORMANTON_DEL_MONIT03_v2_r04608_c00000,EMSR342_07SOUTHNORMANTON_DEL_MONIT03_v2,EMSR342,False,4608,0,0.012123,258966,245719,13247,False,False
EMSR342_07SOUTHNORMANTON_DEL_MONIT03_v2_r04608_c00512,EMSR342_07SOUTHNORMANTON_DEL_MONIT03_v2,EMSR342,False,4608,512,0.000000,262144,14786,247358,True,True
EMSR342_07SOUTHNORMANTON_DEL_MONIT03_v2_r04608_c01024,EMSR342_07SOUTHNORMANTON_DEL_MONIT03_v2,EMSR342,False,4608,1024,0.000000,262143,215784,46359,True,True
EMSR342_07SOUTHNORMANTON_DEL_MONIT03_v2_r04608_c01536,EMSR342_07SOUTHNORMANTON_DEL_MONIT03_v2,EMSR342,False,4608,1536,0.000000,262144,247656,14488,True,True
EMSR342_07SOUTHNORMANTON_DEL_MONIT03_v2_r04608_c02048,EMSR342_07SOUTHNORMANTON_DEL_MONIT03_v2,EMSR342,False,4608,2048,0.000000,262144,97441,164703,True,True
EMSR342_07SOUTHNORMANTON_DEL_MONIT03_v2_r04608_c02560,EMSR342_07SOUTHNORMANTON_DEL_MONIT03_v2,EMSR342,False,4608,2560,0.000000,261525,59782,201743,True,True
EMSR342_07SOUTHNORMANTON_DEL_MONIT03_v2_r04608_c03072,EMSR342_07SOUTHNORMANTON_DEL_MONIT03_v2,EMSR342,False,4608,3072,0.000000,261163,254233,6930,True,True
EMSR342_07SOUTHNORMANTON_DEL_MONIT03_v2_r04608_c03584,EMSR342_07SOUTHNORMANTON_DEL_MONIT03_v2,EMSR342,False,4608,3584,0.000000,262144,262144,0,True,True
EMSR342_07SOUTHNORMANTON_DEL_MONIT03_v2_r04608_c04096,EMSR342_07SOUTHNORMANTON_DEL_MONIT03_v2,EMSR342,False,4608,4096,0.000000,262144,261229,915,True,True
EMSR342_07SOUTHNORMANTON_DEL_MONIT03_v2_r04608_c04608,EMSR342_07SOUTHNORMANTON_DEL_MONIT03_v2,EMSR342,False,4608,4608,0.000000,262142,258570,3572,True,True
EMSR342_07SOUTHNORMANTON_DEL_MONIT03_v2_r04608_c04957,EMSR342_07SOUTHNORMANTON_DEL_MONIT03_v2,EMSR342,False,4608,4957,0.005623,176264,176264,0,True,True
EMSR342_07SOUTHNORMANTON_DEL_MONIT03_v2_r05067_c00000,EMSR342_07SOUTHNORMANTON_DEL_MONIT03_v2,EMSR342,False,5067,0,0.048580,222485,210206,12279,False,False
EMSR342_07SOUTHNORMANTON_DEL_MONIT03_v2_r05067_c00512,EMSR342_07SOUTHNORMANTON_DEL_MONIT03_v2,EMSR342,False,5067,512,0.040337,224434,138648,85786,False,False
EMSR342_07SOUTHNORMANTON_DEL_MONIT03_v2_r05067_c01024,EMSR342_07SOUTHNORMANTON_DEL_MONIT03_v2,EMSR342,False,5067,1024,0.035942,225586,224908,678,False,False
EMSR342_07SOUTHNORMANTON_DEL_MONIT03_v2_r05067_c01536,EMSR342_07SOUTHNORMANTON_DEL_MONIT03_v2,EMSR342,False,5067,1536,0.031677,226704,125347,101357,False,False
EMSR342_07SOUTHNORMANTON_DEL_MONIT03_v2_r05067_c02048,EMSR342_07SOUTHNORMANTON_DEL_MONIT03_v2,EMSR342,False,5067,2048,0.027428,227816,172373,55443,False,False
EMSR342_07SOUTHNORMANTON_DEL_MONIT03_v2_r05067_c02560,EMSR342_07SOUTHNORMANTON_DEL_MONIT03_v2,EMSR342,False,5067,2560,0.023182,226378,59,226319,False,False
EMSR342_07SOUTHNORMANTON_DEL_MONIT03_v2_r05067_c03072,EMSR342_07SOUTHNORMANTON_DEL_MONIT03_v2,EMSR342,False,5067,3072,0.018936,229772,220047,9725,False,False
EMSR342_07SOUTHNORMANTON_DEL_MONIT03_v2_r05067_c03584,EMSR342_07SOUTHNORMANTON_DEL_MONIT03_v2,EMSR342,False,5067,3584,0.014584,231185,230398,787,False,False
EMSR342_07SOUTHNORMANTON_DEL_MONIT03_v2_r05067_c04096,EMSR342_07SOUTHNORMANTON_DEL_MONIT03_v2,EMSR342,False,5067,4096,0.010277,232314,231663,651,False,False
EMSR342_07SOUTHNORMANTON_DEL_MONIT03_v2_r05067_c04608,EMSR342_07SOUTHNORMANTON_DEL_MONIT03_v2,EMSR342,False,5067,4608,0.006027,233428,229769,3659,True,True
EMSR342_07SOUTHNORMANTON_DEL_MONIT03_v2_r05067_c04957,EMSR342_07SOUTHNORMANTON_DEL_MONIT03_v2,EMSR342,False,5067,4957,0.005959,158337,147737,10600,True,True
EMSR347_06MWANZA_DEL_v1_r00000_c00000,EMSR347_06MWANZA_DEL_v1,EMSR347,True,0,0,0.075867,242256,0,242256,False,False
EMSR347_06MWANZA_DEL_v1_r00000_c00512,EMSR347_06MWANZA_DEL_v1,EMSR347,True,0,512,0.011856,259036,0,259036,False,False
EMSR347_06MWANZA_DEL_v1_r00000_c01024,EMSR347_06MWANZA_DEL_v1,EMSR347,True,0,1024,0.019676,256928,0,256928,False,False
EMSR347_06MWANZA_DEL_v1_r00000_c01536,EMSR347_06MWANZA_DEL_v1,EMSR347,True,0,1536,0.027496,253716,0,253716,False,False
EMSR347_06MWANZA_DEL_v1_r00000_c02048,EMSR347_06MWANZA_DEL_v1,EMSR347,True,0,2048,0.035309,252888,58,252830,False,False
EMSR347_06MWANZA_DEL_v1_r00000_c02560,EMSR347_06MWANZA_DEL_v1,EMSR347,True,0,2560,0.043133,250837,348,250489,False,False
EMSR347_06MWANZA_DEL_v1_r00000_c03072,EMSR347_06MWANZA_DEL_v1,EMSR347,True,0,3072,0.050949,248788,0,248788,False,False
EMSR347_06MWANZA_DEL_v1_r00000_c03584,EMSR347_06MWANZA_DEL_v1,EMSR347,True,0,3584,0.058762,246577,0,246577,False,False
EMSR347_06MWANZA_DEL_v1_r00000_c04096,EMSR347_06MWANZA_DEL_v1,EMSR347,True,0,4096,0.066586,239532,153,239379,False,False
EMSR347_06MWANZA_DEL_v1_r00000_c04608,EMSR347_06MWANZA_DEL_v1,EMSR347,True,0,4608,0.074402,242640,6920,235720,False,False
EMSR347_06MWANZA_DEL_v1_r00000_c05120,EMSR347_06MWANZA_DEL_v1,EMSR347,True,0,5120,0.082214,240592,3755,236837,False,False
EMSR347_06MWANZA_DEL_v1_r00000_c05632,EMSR347_06MWANZA_DEL_v1,EMSR347,True,0,5632,0.090042,238540,0,238540,False,False
EMSR347_06MWANZA_DEL_v1_r00000_c06144,EMSR347_06MWANZA_DEL_v1,EMSR347,True,0,6144,0.097855,236492,3250,233242,False,False
EMSR347_06MWANZA_DEL_v1_r00000_c06656,EMSR347_06MWANZA_DEL_v1,EMSR347,True,0,6656,0.105671,234443,0,234443,False,False
EMSR347_06MWANZA_DEL_v1_r00000_c07038,EMSR347_06MWANZA_DEL_v1,EMSR347,True,0,7038,0.115101,172639,103,172536,False,False
EMSR347_06MWANZA_DEL_v1_r00512_c00000,EMSR347_06MWANZA_DEL_v1,EMSR347,True,512,0,0.065533,244965,1426,243539,False,False
EMSR347_06MWANZA_DEL_v1_r00512_c00512,EMSR347_06MWANZA_DEL_v1,EMSR347,True,512,512,0.000000,262093,0,262093,True,True
EMSR347_06MWANZA_DEL_v1_r00512_c01024,EMSR347_06MWANZA_DEL_v1,EMSR347,True,512,1024,0.000000,262144,0,262144,True,True
EMSR347_06MWANZA_DEL_v1_r00512_c01536,EMSR347_06MWANZA_DEL_v1,EMSR347,True,512,1536,0.000000,255932,84,255848,True,True
EMSR347_06MWANZA_DEL_v1_r00512_c02048,EMSR347_06MWANZA_DEL_v1,EMSR347,True,512,2048,0.000000,262144,0,262144,True,True
EMSR347_06MWANZA_DEL_v1_r00512_c02560,EMSR347_06MWANZA_DEL_v1,EMSR347,True,512,2560,0.000000,260659,0,260659,True,True
EMSR347_06MWANZA_DEL_v1_r00512_c03072,EMSR347_06MWANZA_DEL_v1,EMSR347,True,512,3072,0.000000,262144,0,262144,True,True
EMSR347_06MWANZA_DEL_v1_r00512_c03584,EMSR347_06MWANZA_DEL_v1,EMSR347,True,512,3584,0.000000,260009,0,260009,True,True
EMSR347_06MWANZA_DEL_v1_r00512_c04096,EMSR347_06MWANZA_DEL_v1,EMSR347,True,512,4096,0.000000,249574,381,249193,True,True
EMSR347_06MWANZA_DEL_v1_r00512_c04608,EMSR347_06MWANZA_DEL_v1,EMSR347,True,512,4608,0.000000,262144,8725,253419,True,True
EMSR347_06MWANZA_DEL_v1_r00512_c05120,EMSR347_06MWANZA_DEL_v1,EMSR347,True,512,5120,0.000000,262144,2409,259735,True,True
EMSR347_06MWANZA_DEL_v1_r00512_c05632,EMSR347_06MWANZA_DEL_v1,EMSR347,True,512,5632,0.000000,262143,0,262143,True,True
EMSR347_06MWANZA_DEL_v1_r00512_c06144,EMSR347_06MWANZA_DEL_v1,EMSR347,True,512,6144,0.000000,262144,5688,256456,True,True
EMSR347_06MWANZA_DEL_v1_r00512_c06656,EMSR347_06MWANZA_DEL_v1,EMSR347,True,512,6656,0.000000,262144,4143,258001,True,True
EMSR347_06MWANZA_DEL_v1_r00512_c07038,EMSR347_06MWANZA_DEL_v1,EMSR347,True,512,7038,0.013119,192145,38888,153257,False,False
EMSR347_06MWANZA_DEL_v1_r01024_c00000,EMSR347_06MWANZA_DEL_v1,EMSR347,True,1024,0,0.059246,242943,0,242943,False,False
EMSR347_06MWANZA_DEL_v1_r01024_c00512,EMSR347_06MWANZA_DEL_v1,EMSR347,True,1024,512,0.000000,262144,68,262076,True,True
EMSR347_06MWANZA_DEL_v1_r01024_c01024,EMSR347_06MWANZA_DEL_v1,EMSR347,True,1024,1024,0.000000,261851,216,261635,True,True
EMSR347_06MWANZA_DEL_v1_r01024_c01536,EMSR347_06MWANZA_DEL_v1,EMSR347,True,1024,1536,0.000000,250639,0,250639,True,True
EMSR347_06MWANZA_DEL_v1_r01024_c02048,EMSR347_06MWANZA_DEL_v1,EMSR347,True,1024,2048,0.000000,260066,0,260066,True,True
EMSR347_06MWANZA_DEL_v1_r01024_c02560,EMSR347_06MWANZA_DEL_v1,EMSR347,True,1024,2560,0.000000,259907,52,259855,True,True
EMSR347_06MWANZA_DEL_v1_r01024_c03072,EMSR347_06MWANZA_DEL_v1,EMSR347,True,1024,3072,0.000000,261177,0,261177,True,True
EMSR347_06MWANZA_DEL_v1_r01024_c03584,EMSR347_06MWANZA_DEL_v1,EMSR347,True,1024,3584,0.000000,256673,0,256673,True,True
EMSR347_06MWANZA_DEL_v1_r01024_c04096,EMSR347_06MWANZA_DEL_v1,EMSR347,True,1024,4096,0.000000,258992,1355,257637,True,True
EMSR347_06MWANZA_DEL_v1_r01024_c04608,EMSR347_06MWANZA_DEL_v1,EMSR347,True,1024,4608,0.000000,262144,8744,253400,True,True
EMSR347_06MWANZA_DEL_v1_r01024_c05120,EMSR347_06MWANZA_DEL_v1,EMSR347,True,1024,5120,0.000000,262144,0,262144,True,True
EMSR347_06MWANZA_DEL_v1_r01024_c05632,EMSR347_06MWANZA_DEL_v1,EMSR347,True,1024,5632,0.000000,262144,2493,259651,True,True
EMSR347_06MWANZA_DEL_v1_r01024_c06144,EMSR347_06MWANZA_DEL_v1,EMSR347,True,1024,6144,0.000000,262144,65062,197082,True,True
EMSR347_06MWANZA_DEL_v1_r01024_c06656,EMSR347_06MWANZA_DEL_v1,EMSR347,True,1024,6656,0.000000,262144,118024,144120,True,True
EMSR347_06MWANZA_DEL_v1_r01024_c07038,EMSR347_06MWANZA_DEL_v1,EMSR347,True,1024,7038,0.022701,189633,48681,140952,False,False
EMSR347_06MWANZA_DEL_v1_r01536_c00000,EMSR347_06MWANZA_DEL_v1,EMSR347,True,1536,0,0.052933,244638,5471,239167,False,False
EMSR347_06MWANZA_DEL_v1_r01536_c00512,EMSR347_06MWANZA_DEL_v1,EMSR347,True,1536,512,0.000000,240823,6850,233973,True,True
EMSR347_06MWANZA_DEL_v1_r01536_c01024,EMSR347_06MWANZA_DEL_v1,EMSR347,True,1536,1024,0.000000,261597,913,260684,True,True
EMSR347_06MWANZA_DEL_v1_r01536_c01536,EMSR347_06MWANZA_DEL_v1,EMSR347,True,1536,1536,0.000000,254008,0,254008,True,True
EMSR347_06MWANZA_DEL_v1_r01536_c02048,EMSR347_06MWANZA_DEL_v1,EMSR347,True,1536,2048,0.000000,258129,0,258129,True,True
EMSR347_06MWANZA_DEL_v1_r01536_c02560,EMSR347_06MWANZA_DEL_v1,EMSR347,True,1536,2560,0.000000,259437,2468,256969,True,True
EMSR347_06MWANZA_DEL_v1_r01536_c03072,EMSR347_06MWANZA_DEL_v1,EMSR347,True,1536,3072,0.000000,259048,0,259048,True,True
EMSR347_06MWANZA_DEL_v1_r01536_c03584,EMSR347_06MWANZA_DEL_v1,EMSR347,True,1536,3584,0.000000,250289,2662,247627,True,True
EMSR347_06MWANZA_DEL_v1_r01536_c04096,EMSR347_06MWANZA_DEL_v1,EMSR347,True,1536,4096,0.000000,262144,7873,254271,True,True
EMSR347_06MWANZA_DEL_v1_r01536_c04608,EMSR347_06MWANZA_DEL_v1,EMSR347,True,1536,4608,0.000000,262120,5916,256204,True,True
EMSR347_06MWANZA_DEL_v1_r01536_c05120,EMSR347_06MWANZA_DEL_v1,EMSR347,True,1536,5120,0.000000,262144,0,262144,True,True
EMSR347_06MWANZA_DEL_v1_r01536_c05632,EMSR347_06MWANZA_DEL_v1,EMSR347,True,1536,5632,0.000000,262144,7485,254659,True,True
EMSR347_06MWANZA_DEL_v1_r01536_c06144,EMSR347_06MWANZA_DEL_v1,EMSR347,True,1536,6144,0.000000,262144,0,262144,True,True
EMSR347_06MWANZA_DEL_v1_r01536_c06656,EMSR347_06MWANZA_DEL_v1,EMSR347,True,1536,6656,0.000000,262143,4278,257865,True,True
EMSR347_06MWANZA_DEL_v1_r01536_c07038,EMSR347_06MWANZA_DEL_v1,EMSR347,True,1536,7038,0.032291,186821,0,186821,False,False
EMSR347_06MWANZA_DEL_v1_r02048_c00000,EMSR347_06MWANZA_DEL_v1,EMSR347,True,2048,0,0.046528,249290,4861,244429,False,False
EMSR347_06MWANZA_DEL_v1_r02048_c00512,EMSR347_06MWANZA_DEL_v1,EMSR347,True,2048,512,0.000000,231224,0,231224,True,True
EMSR347_06MWANZA_DEL_v1_r02048_c01024,EMSR347_06MWANZA_DEL_v1,EMSR347,True,2048,1024,0.000000,260429,0,260429,True,True
EMSR347_06MWANZA_DEL_v1_r02048_c01536,EMSR347_06MWANZA_DEL_v1,EMSR347,True,2048,1536,0.000000,247766,0,247766,True,True
EMSR347_06MWANZA_DEL_v1_r02048_c02048,EMSR347_06MWANZA_DEL_v1,EMSR347,True,2048,2048,0.000000,259272,2376,256896,True,True
EMSR347_06MWANZA_DEL_v1_r02048_c02560,EMSR347_06MWANZA_DEL_v1,EMSR347,True,2048,2560,0.000000,261705,3303,258402,True,True
EMSR347_06MWANZA_DEL_v1_r02048_c03072,EMSR347_06MWANZA_DEL_v1,EMSR347,True,2048,3072,0.000000,259647,0,259647,True,True
EMSR347_06MWANZA_DEL_v1_r02048_c03584,EMSR347_06MWANZA_DEL_v1,EMSR347,True,2048,3584,0.000000,249848,4498,245350,True,True
EMSR347_06MWANZA_DEL_v1_r02048_c04096,EMSR347_06MWANZA_DEL_v1,EMSR347,True,2048,4096,0.000000,262144,17519,244625,True,True
EMSR347_06MWANZA_DEL_v1_r02048_c04608,EMSR347_06MWANZA_DEL_v1,EMSR347,True,2048,4608,0.000000,262144,232,261912,True,True
EMSR347_06MWANZA_DEL_v1_r02048_c05120,EMSR347_06MWANZA_DEL_v1,EMSR347,True,2048,5120,0.000000,262141,8697,253444,True,True
EMSR347_06MWANZA_DEL_v1_r02048_c05632,EMSR347_06MWANZA_DEL_v1,EMSR347,True,2048,5632,0.000000,262144,802,261342,True,True
EMSR347_06MWANZA_DEL_v1_r02048_c06144,EMSR347_06MWANZA_DEL_v1,EMSR347,True,2048,6144,0.000000,262144,0,262144,True,True
EMSR347_06MWANZA_DEL_v1_r02048_c06656,EMSR347_06MWANZA_DEL_v1,EMSR347,True,2048,6656,0.000000,262119,356,261763,True,True
EMSR347_06MWANZA_DEL_v1_r02048_c07038,EMSR347_06MWANZA_DEL_v1,EMSR347,True,2048,7038,0.041882,179273,1626,177647,False,False
EMSR347_06MWANZA_DEL_v1_r02560_c00000,EMSR347_06MWANZA_DEL_v1,EMSR347,True,2560,0,0.040237,248629,3146,245483,False,False
EMSR347_06MWANZA_DEL_v1_r02560_c00512,EMSR347_06MWANZA_DEL_v1,EMSR347,True,2560,512,0.000000,226174,0,226174,True,True
EMSR347_06MWANZA_DEL_v1_r02560_c01024,EMSR347_06MWANZA_DEL_v1,EMSR347,True,2560,1024,0.000000,258954,2187,256767,True,True
EMSR347_06MWANZA_DEL_v1_r02560_c01536,EMSR347_06MWANZA_DEL_v1,EMSR347,True,2560,1536,0.000000,205449,986,204463,True,True
EMSR347_06MWANZA_DEL_v1_r02560_c02048,EMSR347_06MWANZA_DEL_v1,EMSR347,True,2560,2048,0.000000,249230,7347,241883,True,True
EMSR347_06MWANZA_DEL_v1_r02560_c02560,EMSR347_06MWANZA_DEL_v1,EMSR347,True,2560,2560,0.000000,261730,4948,256782,True,True
EMSR347_06MWANZA_DEL_v1_r02560_c03072,EMSR347_06MWANZA_DEL_v1,EMSR347,True,2560,3072,0.000000,257119,0,257119,True,True
EMSR347_06MWANZA_DEL_v1_r02560_c03584,EMSR347_06MWANZA_DEL_v1,EMSR347,True,2560,3584,0.000000,258520,1164,257356,True,True
EMSR347_06MWANZA_DEL_v1_r02560_c04096,EMSR347_06MWANZA_DEL_v1,EMSR347,True,2560,4096,0.000000,262144,9734,252410,True,True
EMSR347_06MWANZA_DEL_v1_r02560_c04608,EMSR347_06MWANZA_DEL_v1,EMSR347,True,2560,4608,0.000000,262143,2550,259593,True,True
EMSR347_06MWANZA_DEL_v1_r02560_c05120,EMSR347_06MWANZA_DEL_v1,EMSR347,True,2560,5120,0.000000,262144,10887,251257,True,True
EMSR347_06MWANZA_DEL_v1_r02560_c05632,EMSR347_06MWANZA_DEL_v1,EMSR347,True,2560,5632,0.000000,262144,5387,256757,True,True
EMSR347_06MWANZA_DEL_v1_r02560_c06144,EMSR347_06MWANZA_DEL_v1,EMSR347,True,2560,6144,0.000000,262144,984,261160,True,True
EMSR347_06MWANZA_DEL_v1_r02560_c06656,EMSR347_06MWANZA_DEL_v1,EMSR347,True,2560,6656,0.000000,261690,1450,260240,True,True
EMSR347_06MWANZA_DEL_v1_r02560_c07038,EMSR347_06MWANZA_DEL_v1,EMSR347,True,2560,7038,0.051464,175718,0,175718,False,False
EMSR347_06MWANZA_DEL_v1_r03072_c00000,EMSR347_06MWANZA_DEL_v1,EMSR347,True,3072,0,0.033951,249885,14,249871,False,False
EMSR347_06MWANZA_DEL_v1_r03072_c00512,EMSR347_06MWANZA_DEL_v1,EMSR347,True,3072,512,0.000000,214336,0,214336,True,True
EMSR347_06MWANZA_DEL_v1_r03072_c01024,EMSR347_06MWANZA_DEL_v1,EMSR347,True,3072,1024,0.000000,250245,3504,246741,True,True
EMSR347_06MWANZA_DEL_v1_r03072_c01536,EMSR347_06MWANZA_DEL_v1,EMSR347,True,3072,1536,0.000000,208743,461,208282,True,True
EMSR347_06MWANZA_DEL_v1_r03072_c02048,EMSR347_06MWANZA_DEL_v1,EMSR347,True,3072,2048,0.000000,252790,9399,243391,True,True
EMSR347_06MWANZA_DEL_v1_r03072_c02560,EMSR347_06MWANZA_DEL_v1,EMSR347,True,3072,2560,0.000000,261784,4285,257499,True,True
EMSR347_06MWANZA_DEL_v1_r03072_c03072,EMSR347_06MWANZA_DEL_v1,EMSR347,True,3072,3072,0.000000,247682,0,247682,True,True
EMSR347_06MWANZA_DEL_v1_r03072_c03584,EMSR347_06MWANZA_DEL_v1,EMSR347,True,3072,3584,0.000000,262005,3281,258724,True,True
EMSR347_06MWANZA_DEL_v1_r03072_c04096,EMSR347_06MWANZA_DEL_v1,EMSR347,True,3072,4096,0.000000,262144,8658,253486,True,True
EMSR347_06MWANZA_DEL_v1_r03072_c04608,EMSR347_06MWANZA_DEL_v1,EMSR347,True,3072,4608,0.000000,262142,11841,250301,True,True
EMSR347_06MWANZA_DEL_v1_r03072_c05120,EMSR347_06MWANZA_DEL_v1,EMSR347,True,3072,5120,0.000000,262141,1787,260354,True,True
EMSR347_06MWANZA_DEL_v1_r03072_c05632,EMSR347_06MWANZA_DEL_v1,EMSR347,True,3072,5632,0.000000,262143,3291,258852,True,True
EMSR347_06MWANZA_DEL_v1_r03072_c06144,EMSR347_06MWANZA_DEL_v1,EMSR347,True,3072,6144,0.000000,259974,7317,252657,True,True
EMSR347_06MWANZA_DEL_v1_r03072_c06656,EMSR347_06MWANZA_DEL_v1,EMSR347,True,3072,6656,0.000000,246819,2092,244727,True,True
EMSR347_06MWANZA_DEL_v1_r03072_c07038,EMSR347_06MWANZA_DEL_v1,EMSR347,True,3072,7038,0.061054,145293,1412,143881,False,False
EMSR347_06MWANZA_DEL_v1_r03584_c00000,EMSR347_06MWANZA_DEL_v1,EMSR347,True,3584,0,0.027660,225677,0,225677,False,False
EMSR347_06MWANZA_DEL_v1_r03584_c00512,EMSR347_06MWANZA_DEL_v1,EMSR347,True,3584,512,0.000000,149088,40,149048,True,True
EMSR347_06MWANZA_DEL_v1_r03584_c01024,EMSR347_06MWANZA_DEL_v1,EMSR347,True,3584,1024,0.000000,248932,2110,246822,True,True
EMSR347_06MWANZA_DEL_v1_r03584_c01536,EMSR347_06MWANZA_DEL_v1,EMSR347,True,3584,1536,0.000000,239993,2016,237977,True,True
EMSR347_06MWANZA_DEL_v1_r03584_c02048,EMSR347_06MWANZA_DEL_v1,EMSR347,True,3584,2048,0.000000,241617,7615,234002,True,True
EMSR347_06MWANZA_DEL_v1_r03584_c02560,EMSR347_06MWANZA_DEL_v1,EMSR347,True,3584,2560,0.000000,259891,582,259309,True,True
EMSR347_06MWANZA_DEL_v1_r03584_c03072,EMSR347_06MWANZA_DEL_v1,EMSR347,True,3584,3072,0.000000,250447,2177,248270,True,True
EMSR347_06MWANZA_DEL_v1_r03584_c03584,EMSR347_06MWANZA_DEL_v1,EMSR347,True,3584,3584,0.000000,261373,3571,257802,True,True
EMSR347_06MWANZA_DEL_v1_r03584_c04096,EMSR347_06MWANZA_DEL_v1,EMSR347,True,3584,4096,0.000000,262144,9881,252263,True,True
EMSR347_06MWANZA_DEL_v1_r03584_c04608,EMSR347_06MWANZA_DEL_v1,EMSR347,True,3584,4608,0.000000,262144,1108,261036,True,True
EMSR347_06MWANZA_DEL_v1_r03584_c05120,EMSR347_06MWANZA_DEL_v1,EMSR347,True,3584,5120,0.000000,261982,854,261128,True,True
EMSR347_06MWANZA_DEL_v1_r03584_c05632,EMSR347_06MWANZA_DEL_v1,EMSR347,True,3584,5632,0.000000,261847,0,261847,True,True
EMSR347_06MWANZA_DEL_v1_r03584_c06144,EMSR347_06MWANZA_DEL_v1,EMSR347,True,3584,6144,0.000000,262144,105,262039,True,True
EMSR347_06MWANZA_DEL_v1_r03584_c06656,EMSR347_06MWANZA_DEL_v1,EMSR347,True,3584,6656,0.000000,256285,2903,253382,True,True
EMSR347_06MWANZA_DEL_v1_r03584_c07038,EMSR347_06MWANZA_DEL_v1,EMSR347,True,3584,7038,0.070641,121521,0,121521,False,False
EMSR347_06MWANZA_DEL_v1_r04096_c00000,EMSR347_06MWANZA_DEL_v1,EMSR347,True,4096,0,0.021240,238090,494,237596,False,False
EMSR347_06MWANZA_DEL_v1_r04096_c00512,EMSR347_06MWANZA_DEL_v1,EMSR347,True,4096,512,0.000000,135935,0,135935,True,True
EMSR347_06MWANZA_DEL_v1_r04096_c01024,EMSR347_06MWANZA_DEL_v1,EMSR347,True,4096,1024,0.000000,225440,3284,222156,True,True
EMSR347_06MWANZA_DEL_v1_r04096_c01536,EMSR347_06MWANZA_DEL_v1,EMSR347,True,4096,1536,0.000000,230900,4250,226650,True,True
EMSR347_06MWANZA_DEL_v1_r04096_c02048,EMSR347_06MWANZA_DEL_v1,EMSR347,True,4096,2048,0.000000,238099,3833,234266,True,True
EMSR347_06MWANZA_DEL_v1_r04096_c02560,EMSR347_06MWANZA_DEL_v1,EMSR347,True,4096,2560,0.000000,257734,3841,253893,True,True
EMSR347_06MWANZA_DEL_v1_r04096_c03072,EMSR347_06MWANZA_DEL_v1,EMSR347,True,4096,3072,0.000000,261879,0,261879,True,True
EMSR347_06MWANZA_DEL_v1_r04096_c03584,EMSR347_06MWANZA_DEL_v1,EMSR347,True,4096,3584,0.000000,262142,0,262142,True,True
EMSR347_06MWANZA_DEL_v1_r04096_c04096,EMSR347_06MWANZA_DEL_v1,EMSR347,True,4096,4096,0.000000,262144,7541,254603,True,True
EMSR347_06MWANZA_DEL_v1_r04096_c04608,EMSR347_06MWANZA_DEL_v1,EMSR347,True,4096,4608,0.000000,262068,2552,259516,True,True
EMSR347_06MWANZA_DEL_v1_r04096_c05120,EMSR347_06MWANZA_DEL_v1,EMSR347,True,4096,5120,0.000000,260875,0,260875,True,True
EMSR347_06MWANZA_DEL_v1_r04096_c05632,EMSR347_06MWANZA_DEL_v1,EMSR347,True,4096,5632,0.000000,262144,0,262144,True,True
EMSR347_06MWANZA_DEL_v1_r04096_c06144,EMSR347_06MWANZA_DEL_v1,EMSR347,True,4096,6144,0.000000,262144,48,262096,True,True
EMSR347_06MWANZA_DEL_v1_r04096_c06656,EMSR347_06MWANZA_DEL_v1,EMSR347,True,4096,6656,0.000000,258403,5000,253403,True,True
EMSR347_06MWANZA_DEL_v1_r04096_c07038,EMSR347_06MWANZA_DEL_v1,EMSR347,True,4096,7038,0.080227,89596,154,89442,False,False
EMSR347_06MWANZA_DEL_v1_r04608_c00000,EMSR347_06MWANZA_DEL_v1,EMSR347,True,4608,0,0.014942,236804,2362,234442,False,False
EMSR347_06MWANZA_DEL_v1_r04608_c00512,EMSR347_06MWANZA_DEL_v1,EMSR347,True,4608,512,0.000000,210780,0,210780,True,True
EMSR347_06MWANZA_DEL_v1_r04608_c01024,EMSR347_06MWANZA_DEL_v1,EMSR347,True,4608,1024,0.000000,228799,1838,226961,True,True
EMSR347_06MWANZA_DEL_v1_r04608_c01536,EMSR347_06MWANZA_DEL_v1,EMSR347,True,4608,1536,0.000000,206202,6114,200088,True,True
EMSR347_06MWANZA_DEL_v1_r04608_c02048,EMSR347_06MWANZA_DEL_v1,EMSR347,True,4608,2048,0.000000,147287,0,147287,True,True
EMSR347_06MWANZA_DEL_v1_r04608_c02560,EMSR347_06MWANZA_DEL_v1,EMSR347,True,4608,2560,0.000000,259296,7920,251376,True,True
EMSR347_06MWANZA_DEL_v1_r04608_c03072,EMSR347_06MWANZA_DEL_v1,EMSR347,True,4608,3072,0.000000,261716,0,261716,True,True
EMSR347_06MWANZA_DEL_v1_r04608_c03584,EMSR347_06MWANZA_DEL_v1,EMSR347,True,4608,3584,0.000000,259000,3909,255091,True,True
EMSR347_06MWANZA_DEL_v1_r04608_c04096,EMSR347_06MWANZA_DEL_v1,EMSR347,True,4608,4096,0.000000,262144,4918,257226,True,True
EMSR347_06MWANZA_DEL_v1_r04608_c04608,EMSR347_06MWANZA_DEL_v1,EMSR347,True,4608,4608,0.000000,260612,0,260612,True,True
EMSR347_06MWANZA_DEL_v1_r04608_c05120,EMSR347_06MWANZA_DEL_v1,EMSR347,True,4608,5120,0.000000,261564,353,261211,True,True
EMSR347_06MWANZA_DEL_v1_r04608_c05632,EMSR347_06MWANZA_DEL_v1,EMSR347,True,4608,5632,0.000000,262130,589,261541,True,True
EMSR347_06MWANZA_DEL_v1_r04608_c06144,EMSR347_06MWANZA_DEL_v1,EMSR347,True,4608,6144,0.000000,259930,539,259391,True,True
EMSR347_06MWANZA_DEL_v1_r04608_c06656,EMSR347_06MWANZA_DEL_v1,EMSR347,True,4608,6656,0.000000,261866,1755,260111,True,True
EMSR347_06MWANZA_DEL_v1_r04608_c07038,EMSR347_06MWANZA_DEL_v1,EMSR347,True,4608,7038,0.089836,130041,935,129106,False,False
EMSR347_06MWANZA_DEL_v1_r05120_c00000,EMSR347_06MWANZA_DEL_v1,EMSR347,True,5120,0,0.008652,205840,0,205840,True,True
EMSR347_06MWANZA_DEL_v1_r05120_c00512,EMSR347_06MWANZA_DEL_v1,EMSR347,True,5120,512,0.000000,258234,0,258234,True,True
EMSR347_06MWANZA_DEL_v1_r05120_c01024,EMSR347_06MWANZA_DEL_v1,EMSR347,True,5120,1024,0.000000,241009,0,241009,True,True
EMSR347_06MWANZA_DEL_v1_r05120_c01536,EMSR347_06MWANZA_DEL_v1,EMSR347,True,5120,1536,0.000000,214853,6763,208090,True,True
EMSR347_06MWANZA_DEL_v1_r05120_c02048,EMSR347_06MWANZA_DEL_v1,EMSR347,True,5120,2048,0.000000,169146,0,169146,True,True
EMSR347_06MWANZA_DEL_v1_r05120_c02560,EMSR347_06MWANZA_DEL_v1,EMSR347,True,5120,2560,0.000000,229252,1527,227725,True,True
EMSR347_06MWANZA_DEL_v1_r05120_c03072,EMSR347_06MWANZA_DEL_v1,EMSR347,True,5120,3072,0.000000,240021,4429,235592,True,True
EMSR347_06MWANZA_DEL_v1_r05120_c03584,EMSR347_06MWANZA_DEL_v1,EMSR347,True,5120,3584,0.000000,256848,4287,252561,True,True
EMSR347_06MWANZA_DEL_v1_r05120_c04096,EMSR347_06MWANZA_DEL_v1,EMSR347,True,5120,4096,0.000000,261788,3865,257923,True,True
EMSR347_06MWANZA_DEL_v1_r05120_c04608,EMSR347_06MWANZA_DEL_v1,EMSR347,True,5120,4608,0.000000,259834,440,259394,True,True
EMSR347_06MWANZA_DEL_v1_r05120_c05120,EMSR347_06MWANZA_DEL_v1,EMSR347,True,5120,5120,0.000000,242460,2225,240235,True,True
EMSR347_06MWANZA_DEL_v1_r05120_c05632,EMSR347_06MWANZA_DEL_v1,EMSR347,True,5120,5632,0.000000,257965,5149,252816,True,True
EMSR347_06MWANZA_DEL_v1_r05120_c06144,EMSR347_06MWANZA_DEL_v1,EMSR347,True,5120,6144,0.000000,224135,1764,222371,True,True
EMSR347_06MWANZA_DEL_v1_r05120_c06656,EMSR347_06MWANZA_DEL_v1,EMSR347,True,5120,6656,0.000000,260673,2442,258231,True,True
EMSR347_06MWANZA_DEL_v1_r05120_c07038,EMSR347_06MWANZA_DEL_v1,EMSR347,True,5120,7038,0.099442,147622,0,147622,False,False
EMSR347_06MWANZA_DEL_v1_r05632_c00000,EMSR347_06MWANZA_DEL_v1,EMSR347,True,5632,0,0.050735,227954,1384,226570,False,False
EMSR347_06MWANZA_DEL_v1_r05632_c00512,EMSR347_06MWANZA_DEL_v1,EMSR347,True,5632,512,0.040283,222548,211,222337,False,False
EMSR347_06MWANZA_DEL_v1_r05632_c01024,EMSR347_06MWANZA_DEL_v1,EMSR347,True,5632,1024,0.032146,218371,1520,216851,False,False
EMSR347_06MWANZA_DEL_v1_r05632_c01536,EMSR347_06MWANZA_DEL_v1,EMSR347,True,5632,1536,0.024048,186333,993,185340,False,False
EMSR347_06MWANZA_DEL_v1_r05632_c02048,EMSR347_06MWANZA_DEL_v1,EMSR347,True,5632,2048,0.015961,208647,0,208647,False,False
EMSR347_06MWANZA_DEL_v1_r05632_c02560,EMSR347_06MWANZA_DEL_v1,EMSR347,True,5632,2560,0.007877,235084,0,235084,True,True
EMSR347_06MWANZA_DEL_v1_r05632_c03072,EMSR347_06MWANZA_DEL_v1,EMSR347,True,5632,3072,0.000908,212365,2972,209393,True,True
EMSR347_06MWANZA_DEL_v1_r05632_c03584,EMSR347_06MWANZA_DEL_v1,EMSR347,True,5632,3584,0.000000,243014,1464,241550,True,True
EMSR347_06MWANZA_DEL_v1_r05632_c04096,EMSR347_06MWANZA_DEL_v1,EMSR347,True,5632,4096,0.000000,256995,6383,250612,True,True
EMSR347_06MWANZA_DEL_v1_r05632_c04608,EMSR347_06MWANZA_DEL_v1,EMSR347,True,5632,4608,0.000000,222882,980,221902,True,True
EMSR347_06MWANZA_DEL_v1_r05632_c05120,EMSR347_06MWANZA_DEL_v1,EMSR347,True,5632,5120,0.000000,228230,7148,221082,True,True
EMSR347_06MWANZA_DEL_v1_r05632_c05632,EMSR347_06MWANZA_DEL_v1,EMSR347,True,5632,5632,0.000000,259791,9788,250003,True,True
EMSR347_06MWANZA_DEL_v1_r05632_c06144,EMSR347_06MWANZA_DEL_v1,EMSR347,True,5632,6144,0.000000,232695,6408,226287,True,True
EMSR347_06MWANZA_DEL_v1_r05632_c06656,EMSR347_06MWANZA_DEL_v1,EMSR347,True,5632,6656,0.000000,254855,0,254855,True,True
EMSR347_06MWANZA_DEL_v1_r05632_c07038,EMSR347_06MWANZA_DEL_v1,EMSR347,True,5632,7038,0.109024,129571,249,129322,False,False
EMSR347_06MWANZA_DEL_v1_r05666_c00000,EMSR347_06MWANZA_DEL_v1,EMSR347,True,5666,0,0.116753,0,0,0,False,False
EMSR347_06MWANZA_DEL_v1_r05666_c00512,EMSR347_06MWANZA_DEL_v1,EMSR347,True,5666,512,0.106689,0,0,0,False,False
EMSR347_06MWANZA_DEL_v1_r05666_c01024,EMSR347_06MWANZA_DEL_v1,EMSR347,True,5666,1024,0.098553,0,0,0,False,False
EMSR347_06MWANZA_DEL_v1_r05666_c01536,EMSR347_06MWANZA_DEL_v1,EMSR347,True,5666,1536,0.090454,0,0,0,False,False
EMSR347_06MWANZA_DEL_v1_r05666_c02048,EMSR347_06MWANZA_DEL_v1,EMSR347,True,5666,2048,0.082367,0,0,0,False,False
EMSR347_06MWANZA_DEL_v1_r05666_c02560,EMSR347_06MWANZA_DEL_v1,EMSR347,True,5666,2560,0.074284,0,0,0,False,False
EMSR347_06MWANZA_DEL_v1_r05666_c03072,EMSR347_06MWANZA_DEL_v1,EMSR347,True,5666,3072,0.066200,156,0,156,False,False
EMSR347_06MWANZA_DEL_v1_r05666_c03584,EMSR347_06MWANZA_DEL_v1,EMSR347,True,5666,3584,0.058113,1675,0,1675,False,False
EMSR347_06MWANZA_DEL_v1_r05666_c04096,EMSR347_06MWANZA_DEL_v1,EMSR347,True,5666,4096,0.050026,4243,18,4225,False,False
EMSR347_06MWANZA_DEL_v1_r05666_c04608,EMSR347_06MWANZA_DEL_v1,EMSR347,True,5666,4608,0.041893,5553,0,5553,False,False
EMSR347_06MWANZA_DEL_v1_r05666_c05120,EMSR347_06MWANZA_DEL_v1,EMSR347,True,5666,5120,0.033791,6087,184,5903,False,False
EMSR347_06MWANZA_DEL_v1_r05666_c05632,EMSR347_06MWANZA_DEL_v1,EMSR347,True,5666,5632,0.025707,10669,77,10592,False,False
EMSR347_06MWANZA_DEL_v1_r05666_c06144,EMSR347_06MWANZA_DEL_v1,EMSR347,True,5666,6144,0.017624,12788,0,12788,False,False
EMSR347_06MWANZA_DEL_v1_r05666_c06656,EMSR347_06MWANZA_DEL_v1,EMSR347,True,5666,6656,0.009537,14907,0,14907,False,True
EMSR347_06MWANZA_DEL_v1_r05666_c07038,EMSR347_06MWANZA_DEL_v1,EMSR347,True,5666,7038,0.113140,9896,0,9896,False,False
EMSR347_07ZOMBA_DEL_v2_r00000_c00000,EMSR347_07ZOMBA_DEL_v2,EMSR347,True,0,0,0.112503,232652,1888,230764,False,False
EMSR347_07ZOMBA_DEL_v2_r00000_c00512,EMSR347_07ZOMBA_DEL_v2,EMSR347,True,0,512,0.014492,250459,53199,197260,False,False
EMSR347_07ZOMBA_DEL_v2_r00000_c01024,EMSR347_07ZOMBA_DEL_v2,EMSR347,True,0,1024,0.025490,0,0,0,False,False
EMSR347_07ZOMBA_DEL_v2_r00000_c01536,EMSR347_07ZOMBA_DEL_v2,EMSR347,True,0,1536,0.036457,0,0,0,False,False
EMSR347_07ZOMBA_DEL_v2_r00000_c02048,EMSR347_07ZOMBA_DEL_v2,EMSR347,True,0,2048,0.047546,0,0,0,False,False
EMSR347_07ZOMBA_DEL_v2_r00000_c02560,EMSR347_07ZOMBA_DEL_v2,EMSR347,True,0,2560,0.058517,0,0,0,False,False
EMSR347_07ZOMBA_DEL_v2_r00000_c03072,EMSR347_07ZOMBA_DEL_v2,EMSR347,True,0,3072,0.069508,0,0,0,False,False
EMSR347_07ZOMBA_DEL_v2_r00000_c03584,EMSR347_07ZOMBA_DEL_v2,EMSR347,True,0,3584,0.080574,0,0,0,False,False
EMSR347_07ZOMBA_DEL_v2_r00000_c04096,EMSR347_07ZOMBA_DEL_v2,EMSR347,True,0,4096,0.091541,0,0,0,False,False
EMSR347_07ZOMBA_DEL_v2_r00000_c04608,EMSR347_07ZOMBA_DEL_v2,EMSR347,True,0,4608,0.102604,0,0,0,False,False
EMSR347_07ZOMBA_DEL_v2_r00000_c05120,EMSR347_07ZOMBA_DEL_v2,EMSR347,True,0,5120,0.912506,0,0,0,False,False
EMSR347_07ZOMBA_DEL_v2_r00000_c05632,EMSR347_07ZOMBA_DEL_v2,EMSR347,True,0,5632,1.000000,0,0,0,False,False
EMSR347_07ZOMBA_DEL_v2_r00000_c06144,EMSR347_07ZOMBA_DEL_v2,EMSR347,True,0,6144,1.000000,0,0,0,False,False
EMSR347_07ZOMBA_DEL_v2_r00000_c06656,EMSR347_07ZOMBA_DEL_v2,EMSR347,True,0,6656,1.000000,0,0,0,False,False
EMSR347_07ZOMBA_DEL_v2_r00000_c07061,EMSR347_07ZOMBA_DEL_v2,EMSR347,True,0,7061,1.000000,0,0,0,False,False
EMSR347_07ZOMBA_DEL_v2_r00512_c00000,EMSR347_07ZOMBA_DEL_v2,EMSR347,True,512,0,0.099316,212119,60227,151892,False,False
EMSR347_07ZOMBA_DEL_v2_r00512_c00512,EMSR347_07ZOMBA_DEL_v2,EMSR347,True,512,512,0.000000,228495,13197,215298,True,True
EMSR347_07ZOMBA_DEL_v2_r00512_c01024,EMSR347_07ZOMBA_DEL_v2,EMSR347,True,512,1024,0.000000,0,0,0,False,False
EMSR347_07ZOMBA_DEL_v2_r00512_c01536,EMSR347_07ZOMBA_DEL_v2,EMSR347,True,512,1536,0.000000,0,0,0,False,False
EMSR347_07ZOMBA_DEL_v2_r00512_c02048,EMSR347_07ZOMBA_DEL_v2,EMSR347,True,512,2048,0.000000,0,0,0,False,False
EMSR347_07ZOMBA_DEL_v2_r00512_c02560,EMSR347_07ZOMBA_DEL_v2,EMSR347,True,512,2560,0.000000,0,0,0,False,False
EMSR347_07ZOMBA_DEL_v2_r00512_c03072,EMSR347_07ZOMBA_DEL_v2,EMSR347,True,512,3072,0.000000,0,0,0,False,False
EMSR347_07ZOMBA_DEL_v2_r00512_c03584,EMSR347_07ZOMBA_DEL_v2,EMSR347,True,512,3584,0.000000,0,0,0,False,False
EMSR347_07ZOMBA_DEL_v2_r00512_c04096,EMSR347_07ZOMBA_DEL_v2,EMSR347,True,512,4096,0.000000,0,0,0,False,False
EMSR347_07ZOMBA_DEL_v2_r00512_c04608,EMSR347_07ZOMBA_DEL_v2,EMSR347,True,512,4608,0.119713,0,0,0,False,False
EMSR347_07ZOMBA_DEL_v2_r00512_c05120,EMSR347_07ZOMBA_DEL_v2,EMSR347,True,512,5120,1.000000,0,0,0,False,False
EMSR347_07ZOMBA_DEL_v2_r00512_c05632,EMSR347_07ZOMBA_DEL_v2,EMSR347,True,512,5632,1.000000,0,0,0,False,False
EMSR347_07ZOMBA_DEL_v2_r00512_c06144,EMSR347_07ZOMBA_DEL_v2,EMSR347,True,512,6144,1.000000,0,0,0,False,False
EMSR347_07ZOMBA_DEL_v2_r00512_c06656,EMSR347_07ZOMBA_DEL_v2,EMSR347,True,512,6656,1.000000,0,0,0,False,False
EMSR347_07ZOMBA_DEL_v2_r00512_c07061,EMSR347_07ZOMBA_DEL_v2,EMSR347,True,512,7061,1.000000,0,0,0,False,False
EMSR347_07ZOMBA_DEL_v2_r01024_c00000,EMSR347_07ZOMBA_DEL_v2,EMSR347,True,1024,0,0.089748,0,0,0,False,False
EMSR347_07ZOMBA_DEL_v2_r01024_c00512,EMSR347_07ZOMBA_DEL_v2,EMSR347,True,1024,512,0.000000,0,0,0,False,False
EMSR347_07ZOMBA_DEL_v2_r01024_c01024,EMSR347_07ZOMBA_DEL_v2,EMSR347,True,1024,1024,0.000000,0,0,0,False,False
EMSR347_07ZOMBA_DEL_v2_r01024_c01536,EMSR347_07ZOMBA_DEL_v2,EMSR347,True,1024,1536,0.000000,0,0,0,False,False
EMSR347_07ZOMBA_DEL_v2_r01024_c02048,EMSR347_07ZOMBA_DEL_v2,EMSR347,True,1024,2048,0.000000,0,0,0,False,False
EMSR347_07ZOMBA_DEL_v2_r01024_c02560,EMSR347_07ZOMBA_DEL_v2,EMSR347,True,1024,2560,0.000000,0,0,0,False,False
EMSR347_07ZOMBA_DEL_v2_r01024_c03072,EMSR347_07ZOMBA_DEL_v2,EMSR347,True,1024,3072,0.000000,0,0,0,False,False
EMSR347_07ZOMBA_DEL_v2_r01024_c03584,EMSR347_07ZOMBA_DEL_v2,EMSR347,True,1024,3584,0.000000,0,0,0,False,False
EMSR347_07ZOMBA_DEL_v2_r01024_c04096,EMSR347_07ZOMBA_DEL_v2,EMSR347,True,1024,4096,0.000000,0,0,0,False,False
EMSR347_07ZOMBA_DEL_v2_r01024_c04608,EMSR347_07ZOMBA_DEL_v2,EMSR347,True,1024,4608,0.350471,0,0,0,False,False
EMSR347_07ZOMBA_DEL_v2_r01024_c05120,EMSR347_07ZOMBA_DEL_v2,EMSR347,True,1024,5120,1.000000,0,0,0,False,False
EMSR347_07ZOMBA_DEL_v2_r01024_c05632,EMSR347_07ZOMBA_DEL_v2,EMSR347,True,1024,5632,1.000000,0,0,0,False,False
EMSR347_07ZOMBA_DEL_v2_r01024_c06144,EMSR347_07ZOMBA_DEL_v2,EMSR347,True,1024,6144,1.000000,0,0,0,False,False
EMSR347_07ZOMBA_DEL_v2_r01024_c06656,EMSR347_07ZOMBA_DEL_v2,EMSR347,True,1024,6656,1.000000,0,0,0,False,False
EMSR347_07ZOMBA_DEL_v2_r01024_c07061,EMSR347_07ZOMBA_DEL_v2,EMSR347,True,1024,7061,1.000000,0,0,0,False,False
EMSR347_07ZOMBA_DEL_v2_r01536_c00000,EMSR347_07ZOMBA_DEL_v2,EMSR347,True,1536,0,0.080147,0,0,0,False,False
EMSR347_07ZOMBA_DEL_v2_r01536_c00512,EMSR347_07ZOMBA_DEL_v2,EMSR347,True,1536,512,0.000000,0,0,0,False,False
EMSR347_07ZOMBA_DEL_v2_r01536_c01024,EMSR347_07ZOMBA_DEL_v2,EMSR347,True,1536,1024,0.000000,0,0,0,False,False
EMSR347_07ZOMBA_DEL_v2_r01536_c01536,EMSR347_07ZOMBA_DEL_v2,EMSR347,True,1536,1536,0.000000,0,0,0,False,False
EMSR347_07ZOMBA_DEL_v2_r01536_c02048,EMSR347_07ZOMBA_DEL_v2,EMSR347,True,1536,2048,0.000000,0,0,0,False,False
EMSR347_07ZOMBA_DEL_v2_r01536_c02560,EMSR347_07ZOMBA_DEL_v2,EMSR347,True,1536,2560,0.000000,0,0,0,False,False
EMSR347_07ZOMBA_DEL_v2_r01536_c03072,EMSR347_07ZOMBA_DEL_v2,EMSR347,True,1536,3072,0.000000,0,0,0,False,False
EMSR347_07ZOMBA_DEL_v2_r01536_c03584,EMSR347_07ZOMBA_DEL_v2,EMSR347,True,1536,3584,0.000000,0,0,0,False,False
EMSR347_07ZOMBA_DEL_v2_r01536_c04096,EMSR347_07ZOMBA_DEL_v2,EMSR347,True,1536,4096,0.000000,0,0,0,False,False
EMSR347_07ZOMBA_DEL_v2_r01536_c04608,EMSR347_07ZOMBA_DEL_v2,EMSR347,True,1536,4608,0.582420,0,0,0,False,False
EMSR347_07ZOMBA_DEL_v2_r01536_c05120,EMSR347_07ZOMBA_DEL_v2,EMSR347,True,1536,5120,1.000000,0,0,0,False,False
EMSR347_07ZOMBA_DEL_v2_r01536_c05632,EMSR347_07ZOMBA_DEL_v2,EMSR347,True,1536,5632,1.000000,0,0,0,False,False
EMSR347_07ZOMBA_DEL_v2_r01536_c06144,EMSR347_07ZOMBA_DEL_v2,EMSR347,True,1536,6144,1.000000,0,0,0,False,False
EMSR347_07ZOMBA_DEL_v2_r01536_c06656,EMSR347_07ZOMBA_DEL_v2,EMSR347,True,1536,6656,1.000000,0,0,0,False,False
EMSR347_07ZOMBA_DEL_v2_r01536_c07061,EMSR347_07ZOMBA_DEL_v2,EMSR347,True,1536,7061,1.000000,0,0,0,False,False
EMSR347_07ZOMBA_DEL_v2_r02048_c00000,EMSR347_07ZOMBA_DEL_v2,EMSR347,True,2048,0,0.070576,0,0,0,False,False
EMSR347_07ZOMBA_DEL_v2_r02048_c00512,EMSR347_07ZOMBA_DEL_v2,EMSR347,True,2048,512,0.000000,0,0,0,False,False
EMSR347_07ZOMBA_DEL_v2_r02048_c01024,EMSR347_07ZOMBA_DEL_v2,EMSR347,True,2048,1024,0.000000,0,0,0,False,False
EMSR347_07ZOMBA_DEL_v2_r02048_c01536,EMSR347_07ZOMBA_DEL_v2,EMSR347,True,2048,1536,0.000000,0,0,0,False,False
EMSR347_07ZOMBA_DEL_v2_r02048_c02048,EMSR347_07ZOMBA_DEL_v2,EMSR347,True,2048,2048,0.000000,0,0,0,False,False
EMSR347_07ZOMBA_DEL_v2_r02048_c02560,EMSR347_07ZOMBA_DEL_v2,EMSR347,True,2048,2560,0.000000,0,0,0,False,False
EMSR347_07ZOMBA_DEL_v2_r02048_c03072,EMSR347_07ZOMBA_DEL_v2,EMSR347,True,2048,3072,0.000000,0,0,0,False,False
EMSR347_07ZOMBA_DEL_v2_r02048_c03584,EMSR347_07ZOMBA_DEL_v2,EMSR347,True,2048,3584,0.000000,0,0,0,False,False
EMSR347_07ZOMBA_DEL_v2_r02048_c04096,EMSR347_07ZOMBA_DEL_v2,EMSR347,True,2048,4096,0.000000,0,0,0,False,False
EMSR347_07ZOMBA_DEL_v2_r02048_c04608,EMSR347_07ZOMBA_DEL_v2,EMSR347,True,2048,4608,0.812904,0,0,0,False,False
EMSR347_07ZOMBA_DEL_v2_r02048_c05120,EMSR347_07ZOMBA_DEL_v2,EMSR347,True,2048,5120,1.000000,0,0,0,False,False
EMSR347_07ZOMBA_DEL_v2_r02048_c05632,EMSR347_07ZOMBA_DEL_v2,EMSR347,True,2048,5632,1.000000,0,0,0,False,False
EMSR347_07ZOMBA_DEL_v2_r02048_c06144,EMSR347_07ZOMBA_DEL_v2,EMSR347,True,2048,6144,1.000000,0,0,0,False,False
EMSR347_07ZOMBA_DEL_v2_r02048_c06656,EMSR347_07ZOMBA_DEL_v2,EMSR347,True,2048,6656,1.000000,0,0,0,False,False
EMSR347_07ZOMBA_DEL_v2_r02048_c07061,EMSR347_07ZOMBA_DEL_v2,EMSR347,True,2048,7061,1.000000,0,0,0,False,False
EMSR347_07ZOMBA_DEL_v2_r02560_c00000,EMSR347_07ZOMBA_DEL_v2,EMSR347,True,2560,0,0.061005,0,0,0,False,False
EMSR347_07ZOMBA_DEL_v2_r02560_c00512,EMSR347_07ZOMBA_DEL_v2,EMSR347,True,2560,512,0.000000,0,0,0,False,False
EMSR347_07ZOMBA_DEL_v2_r02560_c01024,EMSR347_07ZOMBA_DEL_v2,EMSR347,True,2560,1024,0.000000,0,0,0,False,False
EMSR347_07ZOMBA_DEL_v2_r02560_c01536,EMSR347_07ZOMBA_DEL_v2,EMSR347,True,2560,1536,0.000000,0,0,0,False,False
EMSR347_07ZOMBA_DEL_v2_r02560_c02048,EMSR347_07ZOMBA_DEL_v2,EMSR347,True,2560,2048,0.000000,0,0,0,False,False
EMSR347_07ZOMBA_DEL_v2_r02560_c02560,EMSR347_07ZOMBA_DEL_v2,EMSR347,True,2560,2560,0.000000,0,0,0,False,False
EMSR347_07ZOMBA_DEL_v2_r02560_c03072,EMSR347_07ZOMBA_DEL_v2,EMSR347,True,2560,3072,0.000000,0,0,0,False,False
EMSR347_07ZOMBA_DEL_v2_r02560_c03584,EMSR347_07ZOMBA_DEL_v2,EMSR347,True,2560,3584,0.000000,0,0,0,False,False
EMSR347_07ZOMBA_DEL_v2_r02560_c04096,EMSR347_07ZOMBA_DEL_v2,EMSR347,True,2560,4096,0.054646,0,0,0,False,False
EMSR347_07ZOMBA_DEL_v2_r02560_c04608,EMSR347_07ZOMBA_DEL_v2,EMSR347,True,2560,4608,0.989109,0,0,0,False,False
EMSR347_07ZOMBA_DEL_v2_r02560_c05120,EMSR347_07ZOMBA_DEL_v2,EMSR347,True,2560,5120,1.000000,0,0,0,False,False
EMSR347_07ZOMBA_DEL_v2_r02560_c05632,EMSR347_07ZOMBA_DEL_v2,EMSR347,True,2560,5632,1.000000,0,0,0,False,False
EMSR347_07ZOMBA_DEL_v2_r02560_c06144,EMSR347_07ZOMBA_DEL_v2,EMSR347,True,2560,6144,1.000000,0,0,0,False,False
EMSR347_07ZOMBA_DEL_v2_r02560_c06656,EMSR347_07ZOMBA_DEL_v2,EMSR347,True,2560,6656,1.000000,0,0,0,False,False
EMSR347_07ZOMBA_DEL_v2_r02560_c07061,EMSR347_07ZOMBA_DEL_v2,EMSR347,True,2560,7061,1.000000,0,0,0,False,False
EMSR347_07ZOMBA_DEL_v2_r03072_c00000,EMSR347_07ZOMBA_DEL_v2,EMSR347,True,3072,0,0.051437,0,0,0,False,False
EMSR347_07ZOMBA_DEL_v2_r03072_c00512,EMSR347_07ZOMBA_DEL_v2,EMSR347,True,3072,512,0.000000,0,0,0,False,False
EMSR347_07ZOMBA_DEL_v2_r03072_c01024,EMSR347_07ZOMBA_DEL_v2,EMSR347,True,3072,1024,0.000000,0,0,0,False,False
EMSR347_07ZOMBA_DEL_v2_r03072_c01536,EMSR347_07ZOMBA_DEL_v2,EMSR347,True,3072,1536,0.000000,0,0,0,False,False
EMSR347_07ZOMBA_DEL_v2_r03072_c02048,EMSR347_07ZOMBA_DEL_v2,EMSR347,True,3072,2048,0.000000,0,0,0,False,False
EMSR347_07ZOMBA_DEL_v2_r03072_c02560,EMSR347_07ZOMBA_DEL_v2,EMSR347,True,3072,2560,0.000000,0,0,0,False,False
EMSR347_07ZOMBA_DEL_v2_r03072_c03072,EMSR347_07ZOMBA_DEL_v2,EMSR347,True,3072,3072,0.000000,0,0,0,False,False
EMSR347_07ZOMBA_DEL_v2_r03072_c03584,EMSR347_07ZOMBA_DEL_v2,EMSR347,True,3072,3584,0.000000,0,0,0,False,False
EMSR347_07ZOMBA_DEL_v2_r03072_c04096,EMSR347_07ZOMBA_DEL_v2,EMSR347,True,3072,4096,0.274513,0,0,0,False,False
EMSR347_07ZOMBA_DEL_v2_r03072_c04608,EMSR347_07ZOMBA_DEL_v2,EMSR347,True,3072,4608,1.000000,0,0,0,False,False
EMSR347_07ZOMBA_DEL_v2_r03072_c05120,EMSR347_07ZOMBA_DEL_v2,EMSR347,True,3072,5120,1.000000,0,0,0,False,False
EMSR347_07ZOMBA_DEL_v2_r03072_c05632,EMSR347_07ZOMBA_DEL_v2,EMSR347,True,3072,5632,1.000000,0,0,0,False,False
EMSR347_07ZOMBA_DEL_v2_r03072_c06144,EMSR347_07ZOMBA_DEL_v2,EMSR347,True,3072,6144,1.000000,0,0,0,False,False
EMSR347_07ZOMBA_DEL_v2_r03072_c06656,EMSR347_07ZOMBA_DEL_v2,EMSR347,True,3072,6656,1.000000,0,0,0,False,False
EMSR347_07ZOMBA_DEL_v2_r03072_c07061,EMSR347_07ZOMBA_DEL_v2,EMSR347,True,3072,7061,1.000000,0,0,0,False,False
EMSR347_07ZOMBA_DEL_v2_r03584_c00000,EMSR347_07ZOMBA_DEL_v2,EMSR347,True,3584,0,0.041874,0,0,0,False,False
EMSR347_07ZOMBA_DEL_v2_r03584_c00512,EMSR347_07ZOMBA_DEL_v2,EMSR347,True,3584,512,0.000000,0,0,0,False,False
EMSR347_07ZOMBA_DEL_v2_r03584_c01024,EMSR347_07ZOMBA_DEL_v2,EMSR347,True,3584,1024,0.000000,0,0,0,False,False
EMSR347_07ZOMBA_DEL_v2_r03584_c01536,EMSR347_07ZOMBA_DEL_v2,EMSR347,True,3584,1536,0.000000,0,0,0,False,False
EMSR347_07ZOMBA_DEL_v2_r03584_c02048,EMSR347_07ZOMBA_DEL_v2,EMSR347,True,3584,2048,0.000000,0,0,0,False,False
EMSR347_07ZOMBA_DEL_v2_r03584_c02560,EMSR347_07ZOMBA_DEL_v2,EMSR347,True,3584,2560,0.000000,0,0,0,False,False
EMSR347_07ZOMBA_DEL_v2_r03584_c03072,EMSR347_07ZOMBA_DEL_v2,EMSR347,True,3584,3072,0.000000,0,0,0,False,False
EMSR347_07ZOMBA_DEL_v2_r03584_c03584,EMSR347_07ZOMBA_DEL_v2,EMSR347,True,3584,3584,0.000000,0,0,0,False,False
EMSR347_07ZOMBA_DEL_v2_r03584_c04096,EMSR347_07ZOMBA_DEL_v2,EMSR347,True,3584,4096,0.504585,0,0,0,False,False
EMSR347_07ZOMBA_DEL_v2_r03584_c04608,EMSR347_07ZOMBA_DEL_v2,EMSR347,True,3584,4608,1.000000,0,0,0,False,False
EMSR347_07ZOMBA_DEL_v2_r03584_c05120,EMSR347_07ZOMBA_DEL_v2,EMSR347,True,3584,5120,1.000000,0,0,0,False,False
EMSR347_07ZOMBA_DEL_v2_r03584_c05632,EMSR347_07ZOMBA_DEL_v2,EMSR347,True,3584,5632,1.000000,0,0,0,False,False
EMSR347_07ZOMBA_DEL_v2_r03584_c06144,EMSR347_07ZOMBA_DEL_v2,EMSR347,True,3584,6144,1.000000,0,0,0,False,False
EMSR347_07ZOMBA_DEL_v2_r03584_c06656,EMSR347_07ZOMBA_DEL_v2,EMSR347,True,3584,6656,1.000000,0,0,0,False,False
EMSR347_07ZOMBA_DEL_v2_r03584_c07061,EMSR347_07ZOMBA_DEL_v2,EMSR347,True,3584,7061,1.000000,0,0,0,False,False
EMSR347_07ZOMBA_DEL_v2_r04096_c00000,EMSR347_07ZOMBA_DEL_v2,EMSR347,True,4096,0,0.032307,0,0,0,False,False
EMSR347_07ZOMBA_DEL_v2_r04096_c00512,EMSR347_07ZOMBA_DEL_v2,EMSR347,True,4096,512,0.000000,0,0,0,False,False
EMSR347_07ZOMBA_DEL_v2_r04096_c01024,EMSR347_07ZOMBA_DEL_v2,EMSR347,True,4096,1024,0.000000,0,0,0,False,False
EMSR347_07ZOMBA_DEL_v2_r04096_c01536,EMSR347_07ZOMBA_DEL_v2,EMSR347,True,4096,1536,0.000000,0,0,0,False,False
EMSR347_07ZOMBA_DEL_v2_r04096_c02048,EMSR347_07ZOMBA_DEL_v2,EMSR347,True,4096,2048,0.000000,0,0,0,False,False
EMSR347_07ZOMBA_DEL_v2_r04096_c02560,EMSR347_07ZOMBA_DEL_v2,EMSR347,True,4096,2560,0.000000,0,0,0,False,False
EMSR347_07ZOMBA_DEL_v2_r04096_c03072,EMSR347_07ZOMBA_DEL_v2,EMSR347,True,4096,3072,0.000000,0,0,0,False,False
EMSR347_07ZOMBA_DEL_v2_r04096_c03584,EMSR347_07ZOMBA_DEL_v2,EMSR347,True,4096,3584,0.000000,0,0,0,False,False
EMSR347_07ZOMBA_DEL_v2_r04096_c04096,EMSR347_07ZOMBA_DEL_v2,EMSR347,True,4096,4096,0.735558,0,0,0,False,False
EMSR347_07ZOMBA_DEL_v2_r04096_c04608,EMSR347_07ZOMBA_DEL_v2,EMSR347,True,4096,4608,1.000000,0,0,0,False,False
EMSR347_07ZOMBA_DEL_v2_r04096_c05120,EMSR347_07ZOMBA_DEL_v2,EMSR347,True,4096,5120,1.000000,0,0,0,False,False
EMSR347_07ZOMBA_DEL_v2_r04096_c05632,EMSR347_07ZOMBA_DEL_v2,EMSR347,True,4096,5632,1.000000,0,0,0,False,False
EMSR347_07ZOMBA_DEL_v2_r04096_c06144,EMSR347_07ZOMBA_DEL_v2,EMSR347,True,4096,6144,1.000000,0,0,0,False,False
EMSR347_07ZOMBA_DEL_v2_r04096_c06656,EMSR347_07ZOMBA_DEL_v2,EMSR347,True,4096,6656,1.000000,0,0,0,False,False
EMSR347_07ZOMBA_DEL_v2_r04096_c07061,EMSR347_07ZOMBA_DEL_v2,EMSR347,True,4096,7061,1.000000,0,0,0,False,False
EMSR347_07ZOMBA_DEL_v2_r04608_c00000,EMSR347_07ZOMBA_DEL_v2,EMSR347,True,4608,0,0.022743,0,0,0,False,False
EMSR347_07ZOMBA_DEL_v2_r04608_c00512,EMSR347_07ZOMBA_DEL_v2,EMSR347,True,4608,512,0.000000,0,0,0,False,False
EMSR347_07ZOMBA_DEL_v2_r04608_c01024,EMSR347_07ZOMBA_DEL_v2,EMSR347,True,4608,1024,0.000000,0,0,0,False,False
EMSR347_07ZOMBA_DEL_v2_r04608_c01536,EMSR347_07ZOMBA_DEL_v2,EMSR347,True,4608,1536,0.000000,0,0,0,False,False
EMSR347_07ZOMBA_DEL_v2_r04608_c02048,EMSR347_07ZOMBA_DEL_v2,EMSR347,True,4608,2048,0.000000,0,0,0,False,False
EMSR347_07ZOMBA_DEL_v2_r04608_c02560,EMSR347_07ZOMBA_DEL_v2,EMSR347,True,4608,2560,0.000000,0,0,0,False,False
EMSR347_07ZOMBA_DEL_v2_r04608_c03072,EMSR347_07ZOMBA_DEL_v2,EMSR347,True,4608,3072,0.000000,0,0,0,False,False
EMSR347_07ZOMBA_DEL_v2_r04608_c03584,EMSR347_07ZOMBA_DEL_v2,EMSR347,True,4608,3584,0.014423,0,0,0,False,False
EMSR347_07ZOMBA_DEL_v2_r04608_c04096,EMSR347_07ZOMBA_DEL_v2,EMSR347,True,4608,4096,0.951466,0,0,0,False,False
EMSR347_07ZOMBA_DEL_v2_r04608_c04608,EMSR347_07ZOMBA_DEL_v2,EMSR347,True,4608,4608,1.000000,0,0,0,False,False
EMSR347_07ZOMBA_DEL_v2_r04608_c05120,EMSR347_07ZOMBA_DEL_v2,EMSR347,True,4608,5120,1.000000,0,0,0,False,False
EMSR347_07ZOMBA_DEL_v2_r04608_c05632,EMSR347_07ZOMBA_DEL_v2,EMSR347,True,4608,5632,1.000000,0,0,0,False,False
EMSR347_07ZOMBA_DEL_v2_r04608_c06144,EMSR347_07ZOMBA_DEL_v2,EMSR347,True,4608,6144,1.000000,0,0,0,False,False
EMSR347_07ZOMBA_DEL_v2_r04608_c06656,EMSR347_07ZOMBA_DEL_v2,EMSR347,True,4608,6656,1.000000,0,0,0,False,False
EMSR347_07ZOMBA_DEL_v2_r04608_c07061,EMSR347_07ZOMBA_DEL_v2,EMSR347,True,4608,7061,1.000000,0,0,0,False,False
EMSR347_07ZOMBA_DEL_v2_r05120_c00000,EMSR347_07ZOMBA_DEL_v2,EMSR347,True,5120,0,0.013176,0,0,0,False,False
EMSR347_07ZOMBA_DEL_v2_r05120_c00512,EMSR347_07ZOMBA_DEL_v2,EMSR347,True,5120,512,0.000000,0,0,0,False,False
EMSR347_07ZOMBA_DEL_v2_r05120_c01024,EMSR347_07ZOMBA_DEL_v2,EMSR347,True,5120,1024,0.000000,0,0,0,False,False
EMSR347_07ZOMBA_DEL_v2_r05120_c01536,EMSR347_07ZOMBA_DEL_v2,EMSR347,True,5120,1536,0.000000,0,0,0,False,False
EMSR347_07ZOMBA_DEL_v2_r05120_c02048,EMSR347_07ZOMBA_DEL_v2,EMSR347,True,5120,2048,0.000000,0,0,0,False,False
EMSR347_07ZOMBA_DEL_v2_r05120_c02560,EMSR347_07ZOMBA_DEL_v2,EMSR347,True,5120,2560,0.000000,0,0,0,False,False
EMSR347_07ZOMBA_DEL_v2_r05120_c03072,EMSR347_07ZOMBA_DEL_v2,EMSR347,True,5120,3072,0.000000,0,0,0,False,False
EMSR347_07ZOMBA_DEL_v2_r05120_c03584,EMSR347_07ZOMBA_DEL_v2,EMSR347,True,5120,3584,0.195549,0,0,0,False,False
EMSR347_07ZOMBA_DEL_v2_r05120_c04096,EMSR347_07ZOMBA_DEL_v2,EMSR347,True,5120,4096,1.000000,0,0,0,False,False
EMSR347_07ZOMBA_DEL_v2_r05120_c04608,EMSR347_07ZOMBA_DEL_v2,EMSR347,True,5120,4608,1.000000,0,0,0,False,False
EMSR347_07ZOMBA_DEL_v2_r05120_c05120,EMSR347_07ZOMBA_DEL_v2,EMSR347,True,5120,5120,1.000000,0,0,0,False,False
EMSR347_07ZOMBA_DEL_v2_r05120_c05632,EMSR347_07ZOMBA_DEL_v2,EMSR347,True,5120,5632,1.000000,0,0,0,False,False
EMSR347_07ZOMBA_DEL_v2_r05120_c06144,EMSR347_07ZOMBA_DEL_v2,EMSR347,True,5120,6144,1.000000,0,0,0,False,False
EMSR347_07ZOMBA_DEL_v2_r05120_c06656,EMSR347_07ZOMBA_DEL_v2,EMSR347,True,5120,6656,1.000000,0,0,0,False,False
EMSR347_07ZOMBA_DEL_v2_r05120_c07061,EMSR347_07ZOMBA_DEL_v2,EMSR347,True,5120,7061,1.000000,0,0,0,False,False
EMSR347_07ZOMBA_DEL_v2_r05632_c00000,EMSR347_07ZOMBA_DEL_v2,EMSR347,True,5632,0,0.048065,0,0,0,False,False
EMSR347_07ZOMBA_DEL_v2_r05632_c00512,EMSR347_07ZOMBA_DEL_v2,EMSR347,True,5632,512,0.033024,0,0,0,False,False
EMSR347_07ZOMBA_DEL_v2_r05632_c01024,EMSR347_07ZOMBA_DEL_v2,EMSR347,True,5632,1024,0.021633,0,0,0,False,False
EMSR347_07ZOMBA_DEL_v2_r05632_c01536,EMSR347_07ZOMBA_DEL_v2,EMSR347,True,5632,1536,0.010239,0,0,0,False,False
EMSR347_07ZOMBA_DEL_v2_r05632_c02048,EMSR347_07ZOMBA_DEL_v2,EMSR347,True,5632,2048,0.000881,0,0,0,False,False
EMSR347_07ZOMBA_DEL_v2_r05632_c02560,EMSR347_07ZOMBA_DEL_v2,EMSR347,True,5632,2560,0.000000,0,0,0,False,False
EMSR347_07ZOMBA_DEL_v2_r05632_c03072,EMSR347_07ZOMBA_DEL_v2,EMSR347,True,5632,3072,0.000000,0,0,0,False,False
EMSR347_07ZOMBA_DEL_v2_r05632_c03584,EMSR347_07ZOMBA_DEL_v2,EMSR347,True,5632,3584,0.426003,0,0,0,False,False
EMSR347_07ZOMBA_DEL_v2_r05632_c04096,EMSR347_07ZOMBA_DEL_v2,EMSR347,True,5632,4096,1.000000,0,0,0,False,False
EMSR347_07ZOMBA_DEL_v2_r05632_c04608,EMSR347_07ZOMBA_DEL_v2,EMSR347,True,5632,4608,1.000000,0,0,0,False,False
EMSR347_07ZOMBA_DEL_v2_r05632_c05120,EMSR347_07ZOMBA_DEL_v2,EMSR347,True,5632,5120,1.000000,0,0,0,False,False
EMSR347_07ZOMBA_DEL_v2_r05632_c05632,EMSR347_07ZOMBA_DEL_v2,EMSR347,True,5632,5632,1.000000,0,0,0,False,False
EMSR347_07ZOMBA_DEL_v2_r05632_c06144,EMSR347_07ZOMBA_DEL_v2,EMSR347,True,5632,6144,1.000000,0,0,0,False,False
EMSR347_07ZOMBA_DEL_v2_r05632_c06656,EMSR347_07ZOMBA_DEL_v2,EMSR347,True,5632,6656,1.000000,0,0,0,False,False
EMSR347_07ZOMBA_DEL_v2_r05632_c07061,EMSR347_07ZOMBA_DEL_v2,EMSR347,True,5632,7061,1.000000,0,0,0,False,False
EMSR347_07ZOMBA_DEL_v2_r05692_c00000,EMSR347_07ZOMBA_DEL_v2,EMSR347,True,5692,0,0.164337,0,0,0,False,False
EMSR347_07ZOMBA_DEL_v2_r05692_c00512,EMSR347_07ZOMBA_DEL_v2,EMSR347,True,5692,512,0.150211,0,0,0,False,False
EMSR347_07ZOMBA_DEL_v2_r05692_c01024,EMSR347_07ZOMBA_DEL_v2,EMSR347,True,5692,1024,0.138821,0,0,0,False,False
EMSR347_07ZOMBA_DEL_v2_r05692_c01536,EMSR347_07ZOMBA_DEL_v2,EMSR347,True,5692,1536,0.127426,0,0,0,False,False
EMSR347_07ZOMBA_DEL_v2_r05692_c02048,EMSR347_07ZOMBA_DEL_v2,EMSR347,True,5692,2048,0.116035,0,0,0,False,False
EMSR347_07ZOMBA_DEL_v2_r05692_c02560,EMSR347_07ZOMBA_DEL_v2,EMSR347,True,5692,2560,0.104595,0,0,0,False,False
EMSR347_07ZOMBA_DEL_v2_r05692_c03072,EMSR347_07ZOMBA_DEL_v2,EMSR347,True,5692,3072,0.093197,0,0,0,False,False
EMSR347_07ZOMBA_DEL_v2_r05692_c03584,EMSR347_07ZOMBA_DEL_v2,EMSR347,True,5692,3584,0.490471,0,0,0,False,False
EMSR347_07ZOMBA_DEL_v2_r05692_c04096,EMSR347_07ZOMBA_DEL_v2,EMSR347,True,5692,4096,1.000000,0,0,0,False,False
EMSR347_07ZOMBA_DEL_v2_r05692_c04608,EMSR347_07ZOMBA_DEL_v2,EMSR347,True,5692,4608,1.000000,0,0,0,False,False
EMSR347_07ZOMBA_DEL_v2_r05692_c05120,EMSR347_07ZOMBA_DEL_v2,EMSR347,True,5692,5120,1.000000,0,0,0,False,False
EMSR347_07ZOMBA_DEL_v2_r05692_c05632,EMSR347_07ZOMBA_DEL_v2,EMSR347,True,5692,5632,1.000000,0,0,0,False,False
EMSR347_07ZOMBA_DEL_v2_r05692_c06144,EMSR347_07ZOMBA_DEL_v2,EMSR347,True,5692,6144,1.000000,0,0,0,False,False
EMSR347_07ZOMBA_DEL_v2_r05692_c06656,EMSR347_07ZOMBA_DEL_v2,EMSR347,True,5692,6656,1.000000,0,0,0,False,False
EMSR347_07ZOMBA_DEL_v2_r05692_c07061,EMSR347_07ZOMBA_DEL_v2,EMSR347,True,5692,7061,1.000000,0,0,0,False,False
EMSR419_AOI01_DEL_MONIT01_r00000_c00000,EMSR419_AOI01_DEL_MONIT01,EMSR419,False,0,0,0.025269,186924,1695,185229,False,False
EMSR419_AOI01_DEL_MONIT01_r00000_c00512,EMSR419_AOI01_DEL_MONIT01,EMSR419,False,0,512,0.016861,220436,3039,217397,False,False
EMSR419_AOI01_DEL_MONIT01_r00000_c01024,EMSR419_AOI01_DEL_MONIT01,EMSR419,False,0,1024,0.010643,191778,594,191184,False,False
EMSR419_AOI01_DEL_MONIT01_r00000_c01536,EMSR419_AOI01_DEL_MONIT01,EMSR419,False,0,1536,0.004425,163121,0,163121,True,True
EMSR419_AOI01_DEL_MONIT01_r00000_c01680,EMSR419_AOI01_DEL_MONIT01,EMSR419,False,0,1680,0.030716,25726,0,25726,False,False
EMSR419_AOI01_DEL_MONIT01_r00512_c00000,EMSR419_AOI01_DEL_MONIT01,EMSR419,False,512,0,0.007690,214949,55437,159512,True,True
EMSR419_AOI01_DEL_MONIT01_r00512_c00512,EMSR419_AOI01_DEL_MONIT01,EMSR419,False,512,512,0.000000,262144,2028,260116,True,True
EMSR419_AOI01_DEL_MONIT01_r00512_c01024,EMSR419_AOI01_DEL_MONIT01,EMSR419,False,512,1024,0.000000,262144,424,261720,True,True
EMSR419_AOI01_DEL_MONIT01_r00512_c01536,EMSR419_AOI01_DEL_MONIT01,EMSR419,False,512,1536,0.000000,245311,0,245311,True,True
EMSR419_AOI01_DEL_MONIT01_r00512_c01680,EMSR419_AOI01_DEL_MONIT01,EMSR419,False,512,1680,0.020905,4253,0,4253,False,False
EMSR419_AOI01_DEL_MONIT01_r01024_c00000,EMSR419_AOI01_DEL_MONIT01,EMSR419,False,1024,0,0.013069,230613,230514,99,False,False
EMSR419_AOI01_DEL_MONIT01_r01024_c00512,EMSR419_AOI01_DEL_MONIT01,EMSR419,False,1024,512,0.000000,262144,127759,134385,True,True
EMSR419_AOI01_DEL_MONIT01_r01024_c01024,EMSR419_AOI01_DEL_MONIT01,EMSR419,False,1024,1024,0.000000,262144,20565,241579,True,True
EMSR419_AOI01_DEL_MONIT01_r01024_c01536,EMSR419_AOI01_DEL_MONIT01,EMSR419,False,1024,1536,0.000000,173550,20314,153236,True,True
EMSR419_AOI01_DEL_MONIT01_r01024_c01680,EMSR419_AOI01_DEL_MONIT01,EMSR419,False,1024,1680,0.013947,0,0,0,False,False
EMSR419_AOI01_DEL_MONIT01_r01536_c00000,EMSR419_AOI01_DEL_MONIT01,EMSR419,False,1536,0,0.018421,246279,246279,0,False,False
EMSR419_AOI01_DEL_MONIT01_r01536_c00512,EMSR419_AOI01_DEL_MONIT01,EMSR419,False,1536,512,0.000000,262144,155206,106938,True,True
EMSR419_AOI01_DEL_MONIT01_r01536_c01024,EMSR419_AOI01_DEL_MONIT01,EMSR419,False,1536,1024,0.000000,262144,216587,45557,True,True
EMSR419_AOI01_DEL_MONIT01_r01536_c01536,EMSR419_AOI01_DEL_MONIT01,EMSR419,False,1536,1536,0.000000,97536,97439,97,True,True
EMSR419_AOI01_DEL_MONIT01_r01536_c01680,EMSR419_AOI01_DEL_MONIT01,EMSR419,False,1536,1680,0.006870,0,0,0,False,False
EMSR419_AOI01_DEL_MONIT01_r01766_c00000,EMSR419_AOI01_DEL_MONIT01,EMSR419,False,1766,0,0.023342,49305,49305,0,False,False
EMSR419_AOI01_DEL_MONIT01_r01766_c00512,EMSR419_AOI01_DEL_MONIT01,EMSR419,False,1766,512,0.008633,74467,71234,3233,True,True
EMSR419_AOI01_DEL_MONIT01_r01766_c01024,EMSR419_AOI01_DEL_MONIT01,EMSR419,False,1766,1024,0.014809,98621,98621,0,False,False
EMSR419_AOI01_DEL_MONIT01_r01766_c01536,EMSR419_AOI01_DEL_MONIT01,EMSR419,False,1766,1536,0.020985,18489,18489,0,False,False
EMSR419_AOI01_DEL_MONIT01_r01766_c01680,EMSR419_AOI01_DEL_MONIT01,EMSR419,False,1766,1680,0.026436,0,0,0,False,False
EMSR438_AOI02_DEL_MONIT03_r00000_c00000,EMSR438_AOI02_DEL_MONIT03,EMSR438,False,0,0,0.000000,0,0,0,False,False
EMSR438_AOI02_DEL_MONIT03_r00000_c00512,EMSR438_AOI02_DEL_MONIT03,EMSR438,False,0,512,0.000000,0,0,0,False,False
EMSR438_AOI02_DEL_MONIT03_r00000_c01024,EMSR438_AOI02_DEL_MONIT03,EMSR438,False,0,1024,0.000000,0,0,0,False,False
EMSR438_AOI02_DEL_MONIT03_r00000_c01536,EMSR438_AOI02_DEL_MONIT03,EMSR438,False,0,1536,0.000000,0,0,0,False,False
EMSR438_AOI02_DEL_MONIT03_r00000_c02048,EMSR438_AOI02_DEL_MONIT03,EMSR438,False,0,2048,0.000000,0,0,0,False,False
EMSR438_AOI02_DEL_MONIT03_r00000_c02560,EMSR438_AOI02_DEL_MONIT03,EMSR438,False,0,2560,0.000000,1722,0,1722,False,True
EMSR438_AOI02_DEL_MONIT03_r00000_c03072,EMSR438_AOI02_DEL_MONIT03,EMSR438,False,0,3072,0.000000,193034,5430,187604,True,True
EMSR438_AOI02_DEL_MONIT03_r00000_c03584,EMSR438_AOI02_DEL_MONIT03,EMSR438,False,0,3584,0.000000,245588,4551,241037,True,True
EMSR438_AOI02_DEL_MONIT03_r00000_c04096,EMSR438_AOI02_DEL_MONIT03,EMSR438,False,0,4096,0.000000,59568,0,59568,True,True
EMSR438_AOI02_DEL_MONIT03_r00000_c04608,EMSR438_AOI02_DEL_MONIT03,EMSR438,False,0,4608,0.000000,0,0,0,False,False
EMSR438_AOI02_DEL_MONIT03_r00000_c05120,EMSR438_AOI02_DEL_MONIT03,EMSR438,False,0,5120,0.000000,0,0,0,False,False
EMSR438_AOI02_DEL_MONIT03_r00000_c05383,EMSR438_AOI02_DEL_MONIT03,EMSR438,False,0,5383,0.000000,0,0,0,False,False
EMSR438_AOI02_DEL_MONIT03_r00512_c00000,EMSR438_AOI02_DEL_MONIT03,EMSR438,False,512,0,0.000000,0,0,0,False,False
EMSR438_AOI02_DEL_MONIT03_r00512_c00512,EMSR438_AOI02_DEL_MONIT03,EMSR438,False,512,512,0.000000,0,0,0,False,False
EMSR438_AOI02_DEL_MONIT03_r00512_c01024,EMSR438_AOI02_DEL_MONIT03,EMSR438,False,512,1024,0.000000,0,0,0,False,False
EMSR438_AOI02_DEL_MONIT03_r00512_c01536,EMSR438_AOI02_DEL_MONIT03,EMSR438,False,512,1536,0.000000,0,0,0,False,False
EMSR438_AOI02_DEL_MONIT03_r00512_c02048,EMSR438_AOI02_DEL_MONIT03,EMSR438,False,512,2048,0.000000,0,0,0,False,False
EMSR438_AOI02_DEL_MONIT03_r00512_c02560,EMSR438_AOI02_DEL_MONIT03,EMSR438,False,512,2560,0.000000,63183,344,62839,True,True
EMSR438_AOI02_DEL_MONIT03_r00512_c03072,EMSR438_AOI02_DEL_MONIT03,EMSR438,False,512,3072,0.000000,262144,32951,229193,True,True
EMSR438_AOI02_DEL_MONIT03_r00512_c03584,EMSR438_AOI02_DEL_MONIT03,EMSR438,False,512,3584,0.000000,262144,151891,110253,True,True
EMSR438_AOI02_DEL_MONIT03_r00512_c04096,EMSR438_AOI02_DEL_MONIT03,EMSR438,False,512,4096,0.000000,154859,0,154859,True,True
EMSR438_AOI02_DEL_MONIT03_r00512_c04608,EMSR438_AOI02_DEL_MONIT03,EMSR438,False,512,4608,0.000000,7166,0,7166,False,True
EMSR438_AOI02_DEL_MONIT03_r00512_c05120,EMSR438_AOI02_DEL_MONIT03,EMSR438,False,512,5120,0.000000,0,0,0,False,False
EMSR438_AOI02_DEL_MONIT03_r00512_c05383,EMSR438_AOI02_DEL_MONIT03,EMSR438,False,512,5383,0.000000,0,0,0,False,False
EMSR438_AOI02_DEL_MONIT03_r01024_c00000,EMSR438_AOI02_DEL_MONIT03,EMSR438,False,1024,0,0.000000,0,0,0,False,False
EMSR438_AOI02_DEL_MONIT03_r01024_c00512,EMSR438_AOI02_DEL_MONIT03,EMSR438,False,1024,512,0.000000,0,0,0,False,False
EMSR438_AOI02_DEL_MONIT03_r01024_c01024,EMSR438_AOI02_DEL_MONIT03,EMSR438,False,1024,1024,0.000000,0,0,0,False,False
EMSR438_AOI02_DEL_MONIT03_r01024_c01536,EMSR438_AOI02_DEL_MONIT03,EMSR438,False,1024,1536,0.000000,0,0,0,False,False
EMSR438_AOI02_DEL_MONIT03_r01024_c02048,EMSR438_AOI02_DEL_MONIT03,EMSR438,False,1024,2048,0.000000,108166,6382,101784,True,True
EMSR438_AOI02_DEL_MONIT03_r01024_c02560,EMSR438_AOI02_DEL_MONIT03,EMSR438,False,1024,2560,0.000000,260168,12261,247907,True,True
EMSR438_AOI02_DEL_MONIT03_r01024_c03072,EMSR438_AOI02_DEL_MONIT03,EMSR438,False,1024,3072,0.000000,262142,119910,142232,True,True
EMSR438_AOI02_DEL_MONIT03_r01024_c03584,EMSR438_AOI02_DEL_MONIT03,EMSR438,False,1024,3584,0.000000,261782,127916,133866,True,True
EMSR438_AOI02_DEL_MONIT03_r01024_c04096,EMSR438_AOI02_DEL_MONIT03,EMSR438,False,1024,4096,0.000000,260839,8703,252136,True,True
EMSR438_AOI02_DEL_MONIT03_r01024_c04608,EMSR438_AOI02_DEL_MONIT03,EMSR438,False,1024,4608,0.000000,188240,0,188240,True,True
EMSR438_AOI02_DEL_MONIT03_r01024_c05120,EMSR438_AOI02_DEL_MONIT03,EMSR438,False,1024,5120,0.000000,50299,0,50299,True,True
EMSR438_AOI02_DEL_MONIT03_r01024_c05383,EMSR438_AOI02_DEL_MONIT03,EMSR438,False,1024,5383,0.000000,71398,0,71398,True,True
EMSR438_AOI02_DEL_MONIT03_r01536_c00000,EMSR438_AOI02_DEL_MONIT03,EMSR438,False,1536,0,0.000000,0,0,0,False,False
EMSR438_AOI02_DEL_MONIT03_r01536_c00512,EMSR438_AOI02_DEL_MONIT03,EMSR438,False,1536,512,0.000000,0,0,0,False,False
EMSR438_AOI02_DEL_MONIT03_r01536_c01024,EMSR438_AOI02_DEL_MONIT03,EMSR438,False,1536,1024,0.000000,29181,0,29181,True,True
EMSR438_AOI02_DEL_MONIT03_r01536_c01536,EMSR438_AOI02_DEL_MONIT03,EMSR438,False,1536,1536,0.000000,4331,0,4331,False,True
EMSR438_AOI02_DEL_MONIT03_r01536_c02048,EMSR438_AOI02_DEL_MONIT03,EMSR438,False,1536,2048,0.000000,165871,4259,161612,True,True
EMSR438_AOI02_DEL_MONIT03_r01536_c02560,EMSR438_AOI02_DEL_MONIT03,EMSR438,False,1536,2560,0.000000,261595,135584,126011,True,True
EMSR438_AOI02_DEL_MONIT03_r01536_c03072,EMSR438_AOI02_DEL_MONIT03,EMSR438,False,1536,3072,0.000000,262144,259792,2352,True,True
EMSR438_AOI02_DEL_MONIT03_r01536_c03584,EMSR438_AOI02_DEL_MONIT03,EMSR438,False,1536,3584,0.000000,262144,137113,125031,True,True
EMSR438_AOI02_DEL_MONIT03_r01536_c04096,EMSR438_AOI02_DEL_MONIT03,EMSR438,False,1536,4096,0.000000,262144,183217,78927,True,True
EMSR438_AOI02_DEL_MONIT03_r01536_c04608,EMSR438_AOI02_DEL_MONIT03,EMSR438,False,1536,4608,0.000000,258155,35063,223092,True,True
EMSR438_AOI02_DEL_MONIT03_r01536_c05120,EMSR438_AOI02_DEL_MONIT03,EMSR438,False,1536,5120,0.000000,261888,2171,259717,True,True
EMSR438_AOI02_DEL_MONIT03_r01536_c05383,EMSR438_AOI02_DEL_MONIT03,EMSR438,False,1536,5383,0.000000,109797,2165,107632,True,True
EMSR438_AOI02_DEL_MONIT03_r02048_c00000,EMSR438_AOI02_DEL_MONIT03,EMSR438,False,2048,0,0.000000,98122,0,98122,True,True
EMSR438_AOI02_DEL_MONIT03_r02048_c00512,EMSR438_AOI02_DEL_MONIT03,EMSR438,False,2048,512,0.000000,155719,0,155719,True,True
EMSR438_AOI02_DEL_MONIT03_r02048_c01024,EMSR438_AOI02_DEL_MONIT03,EMSR438,False,2048,1024,0.000000,193366,31200,162166,True,True
EMSR438_AOI02_DEL_MONIT03_r02048_c01536,EMSR438_AOI02_DEL_MONIT03,EMSR438,False,2048,1536,0.000000,209543,17495,192048,True,True
EMSR438_AOI02_DEL_MONIT03_r02048_c02048,EMSR438_AOI02_DEL_MONIT03,EMSR438,False,2048,2048,0.000000,239114,7203,231911,True,True
EMSR438_AOI02_DEL_MONIT03_r02048_c02560,EMSR438_AOI02_DEL_MONIT03,EMSR438,False,2048,2560,0.000000,261986,109217,152769,True,True
EMSR438_AOI02_DEL_MONIT03_r02048_c03072,EMSR438_AOI02_DEL_MONIT03,EMSR438,False,2048,3072,0.000000,262144,261304,840,True,True
EMSR438_AOI02_DEL_MONIT03_r02048_c03584,EMSR438_AOI02_DEL_MONIT03,EMSR438,False,2048,3584,0.000000,262144,203031,59113,True,True
EMSR438_AOI02_DEL_MONIT03_r02048_c04096,EMSR438_AOI02_DEL_MONIT03,EMSR438,False,2048,4096,0.000000,262144,87559,174585,True,True
EMSR438_AOI02_DEL_MONIT03_r02048_c04608,EMSR438_AOI02_DEL_MONIT03,EMSR438,False,2048,4608,0.000000,262008,75017,186991,True,True
EMSR438_AOI02_DEL_MONIT03_r02048_c05120,EMSR438_AOI02_DEL_MONIT03,EMSR438,False,2048,5120,0.000000,257519,178731,78788,True,True
EMSR438_AOI02_DEL_MONIT03_r02048_c05383,EMSR438_AOI02_DEL_MONIT03,EMSR438,False,2048,5383,0.000000,88574,82017,6557,True,True
EMSR438_AOI02_DEL_MONIT03_r02560_c00000,EMSR438_AOI02_DEL_MONIT03,EMSR438,False,2560,0,0.000000,216437,13918,202519,True,True
EMSR438_AOI02_DEL_MONIT03_r02560_c00512,EMSR438_AOI02_DEL_MONIT03,EMSR438,False,2560,512,0.000000,250473,142186,108287,True,True
EMSR438_AOI02_DEL_MONIT03_r02560_c01024,EMSR438_AOI02_DEL_MONIT03,EMSR438,False,2560,1024,0.000000,240687,124689,115998,True,True
EMSR438_AOI02_DEL_MONIT03_r02560_c01536,EMSR438_AOI02_DEL_MONIT03,EMSR438,False,2560,1536,0.000000,261718,61127,200591,True,True
EMSR438_AOI02_DEL_MONIT03_r02560_c02048,EMSR438_AOI02_DEL_MONIT03,EMSR438,False,2560,2048,0.000000,262024,59343,202681,True,True
EMSR438_AOI02_DEL_MONIT03_r02560_c02560,EMSR438_AOI02_DEL_MONIT03,EMSR438,False,2560,2560,0.000000,262144,209313,52831,True,True
EMSR438_AOI02_DEL_MONIT03_r02560_c03072,EMSR438_AOI02_DEL_MONIT03,EMSR438,False,2560,3072,0.000000,232952,232915,37,True,True
EMSR438_AOI02_DEL_MONIT03_r02560_c03584,EMSR438_AOI02_DEL_MONIT03,EMSR438,False,2560,3584,0.000000,262144,217550,44594,True,True
EMSR438_AOI02_DEL_MONIT03_r02560_c04096,EMSR438_AOI02_DEL_MONIT03,EMSR438,False,2560,4096,0.000000,255948,230867,25081,True,True
EMSR438_AOI02_DEL_MONIT03_r02560_c04608,EMSR438_AOI02_DEL_MONIT03,EMSR438,False,2560,4608,0.000000,203398,203398,0,True,True
EMSR438_AOI02_DEL_MONIT03_r02560_c05120,EMSR438_AOI02_DEL_MONIT03,EMSR438,False,2560,5120,0.000000,230503,229478,1025,True,True
EMSR438_AOI02_DEL_MONIT03_r02560_c05383,EMSR438_AOI02_DEL_MONIT03,EMSR438,False,2560,5383,0.000000,38912,38912,0,True,True
EMSR438_AOI02_DEL_MONIT03_r03072_c00000,EMSR438_AOI02_DEL_MONIT03,EMSR438,False,3072,0,0.000000,32782,166,32616,True,True
EMSR438_AOI02_DEL_MONIT03_r03072_c00512,EMSR438_AOI02_DEL_MONIT03,EMSR438,False,3072,512,0.000000,213493,176601,36892,True,True
EMSR438_AOI02_DEL_MONIT03_r03072_c01024,EMSR438_AOI02_DEL_MONIT03,EMSR438,False,3072,1024,0.000000,259646,121720,137926,True,True
EMSR438_AOI02_DEL_MONIT03_r03072_c01536,EMSR438_AOI02_DEL_MONIT03,EMSR438,False,3072,1536,0.000000,262014,219900,42114,True,True
EMSR438_AOI02_DEL_MONIT03_r03072_c02048,EMSR438_AOI02_DEL_MONIT03,EMSR438,False,3072,2048,0.000000,261528,247311,14217,True,True
EMSR438_AOI02_DEL_MONIT03_r03072_c02560,EMSR438_AOI02_DEL_MONIT03,EMSR438,False,3072,2560,0.000000,258225,221403,36822,True,True
EMSR438_AOI02_DEL_MONIT03_r03072_c03072,EMSR438_AOI02_DEL_MONIT03,EMSR438,False,3072,3072,0.000000,56306,56306,0,True,True
EMSR438_AOI02_DEL_MONIT03_r03072_c03584,EMSR438_AOI02_DEL_MONIT03,EMSR438,False,3072,3584,0.000000,66244,66244,0,True,True
EMSR438_AOI02_DEL_MONIT03_r03072_c04096,EMSR438_AOI02_DEL_MONIT03,EMSR438,False,3072,4096,0.000000,33531,33531,0,True,True
EMSR438_AOI02_DEL_MONIT03_r03072_c04608,EMSR438_AOI02_DEL_MONIT03,EMSR438,False,3072,4608,0.000000,0,0,0,False,False
EMSR438_AOI02_DEL_MONIT03_r03072_c05120,EMSR438_AOI02_DEL_MONIT03,EMSR438,False,3072,5120,0.000000,0,0,0,False,False
EMSR438_AOI02_DEL_MONIT03_r03072_c05383,EMSR438_AOI02_DEL_MONIT03,EMSR438,False,3072,5383,0.000000,0,0,0,False,False
EMSR438_AOI02_DEL_MONIT03_r03371_c00000,EMSR438_AOI02_DEL_MONIT03,EMSR438,False,3371,0,0.000000,0,0,0,False,False
EMSR438_AOI02_DEL_MONIT03_r03371_c00512,EMSR438_AOI02_DEL_MONIT03,EMSR438,False,3371,512,0.000000,12983,12983,0,False,True
EMSR438_AOI02_DEL_MONIT03_r03371_c01024,EMSR438_AOI02_DEL_MONIT03,EMSR438,False,3371,1024,0.000000,132121,129547,2574,True,True
EMSR438_AOI02_DEL_MONIT03_r03371_c01536,EMSR438_AOI02_DEL_MONIT03,EMSR438,False,3371,1536,0.000000,84934,84934,0,True,True
EMSR438_AOI02_DEL_MONIT03_r03371_c02048,EMSR438_AOI02_DEL_MONIT03,EMSR438,False,3371,2048,0.000000,38237,38237,0,True,True
EMSR438_AOI02_DEL_MONIT03_r03371_c02560,EMSR438_AOI02_DEL_MONIT03,EMSR438,False,3371,2560,0.000000,46639,46639,0,True,True
EMSR438_AOI02_DEL_MONIT03_r03371_c03072,EMSR438_AOI02_DEL_MONIT03,EMSR438,False,3371,3072,0.000000,0,0,0,False,False
EMSR438_AOI02_DEL_MONIT03_r03371_c03584,EMSR438_AOI02_DEL_MONIT03,EMSR438,False,3371,3584,0.000000,0,0,0,False,False
EMSR438_AOI02_DEL_MONIT03_r03371_c04096,EMSR438_AOI02_DEL_MONIT03,EMSR438,False,3371,4096,0.000000,0,0,0,False,False
EMSR438_AOI02_DEL_MONIT03_r03371_c04608,EMSR438_AOI02_DEL_MONIT03,EMSR438,False,3371,4608,0.000000,0,0,0,False,False
EMSR438_AOI02_DEL_MONIT03_r03371_c05120,EMSR438_AOI02_DEL_MONIT03,EMSR438,False,3371,5120,0.000000,0,0,0,False,False
EMSR438_AOI02_DEL_MONIT03_r03371_c05383,EMSR438_AOI02_DEL_MONIT03,EMSR438,False,3371,5383,0.000000,0,0,0,False,False
EMSR438_AOI06_DEL_PRODUCT_r00000_c00000,EMSR438_AOI06_DEL_PRODUCT,EMSR438,True,0,0,0.000950,189665,97787,91878,True,True
EMSR438_AOI06_DEL_PRODUCT_r00000_c00512,EMSR438_AOI06_DEL_PRODUCT,EMSR438,True,0,512,0.000000,129498,115429,14069,True,True
EMSR438_AOI06_DEL_PRODUCT_r00000_c01024,EMSR438_AOI06_DEL_PRODUCT,EMSR438,True,0,1024,0.000000,24940,24060,880,False,True
EMSR438_AOI06_DEL_PRODUCT_r00000_c01521,EMSR438_AOI06_DEL_PRODUCT,EMSR438,True,0,1521,0.000000,115160,57380,57780,True,True
EMSR438_AOI06_DEL_PRODUCT_r00365_c00000,EMSR438_AOI06_DEL_PRODUCT,EMSR438,True,365,0,0.000000,34208,0,34208,True,True
EMSR438_AOI06_DEL_PRODUCT_r00365_c00512,EMSR438_AOI06_DEL_PRODUCT,EMSR438,True,365,512,0.000000,138776,89557,49219,True,True
EMSR438_AOI06_DEL_PRODUCT_r00365_c01024,EMSR438_AOI06_DEL_PRODUCT,EMSR438,True,365,1024,0.000000,154082,65880,88202,True,True
EMSR438_AOI06_DEL_PRODUCT_r00365_c01521,EMSR438_AOI06_DEL_PRODUCT,EMSR438,True,365,1521,0.000000,49521,6386,43135,True,True
EMSR9284_01YLITORNIONORTHERN_DEL_MONIT01_v1_r00000_c00000,EMSR9284_01YLITORNIONORTHERN_DEL_MONIT01_v1,EMSR9284,False,0,0,0.136917,226237,51599,174638,False,False
EMSR9284_01YLITORNIONORTHERN_DEL_MONIT01_v1_r00000_c00512,EMSR9284_01YLITORNIONORTHERN_DEL_MONIT01_v1,EMSR9284,False,0,512,0.078640,241529,32273,209256,False,False
EMSR9284_01YLITORNIONORTHERN_DEL_MONIT01_v1_r00000_c01024,EMSR9284_01YLITORNIONORTHERN_DEL_MONIT01_v1,EMSR9284,False,0,1024,0.034584,253078,5316,247762,False,False
EMSR9284_01YLITORNIONORTHERN_DEL_MONIT01_v1_r00000_c01253,EMSR9284_01YLITORNIONORTHERN_DEL_MONIT01_v1,EMSR9284,False,0,1253,0.159271,79080,3002,76078,False,False
EMSR9284_01YLITORNIONORTHERN_DEL_MONIT01_v1_r00512_c00000,EMSR9284_01YLITORNIONORTHERN_DEL_MONIT01_v1,EMSR9284,False,512,0,0.054642,247820,78765,169055,False,False
EMSR9284_01YLITORNIONORTHERN_DEL_MONIT01_v1_r00512_c00512,EMSR9284_01YLITORNIONORTHERN_DEL_MONIT01_v1,EMSR9284,False,512,512,0.000000,262144,1356,260788,True,True
EMSR9284_01YLITORNIONORTHERN_DEL_MONIT01_v1_r00512_c01024,EMSR9284_01YLITORNIONORTHERN_DEL_MONIT01_v1,EMSR9284,False,512,1024,0.000000,262144,0,262144,True,True
EMSR9284_01YLITORNIONORTHERN_DEL_MONIT01_v1_r00512_c01253,EMSR9284_01YLITORNIONORTHERN_DEL_MONIT01_v1,EMSR9284,False,512,1253,0.096752,91885,0,91885,False,False
EMSR9284_01YLITORNIONORTHERN_DEL_MONIT01_v1_r01024_c00000,EMSR9284_01YLITORNIONORTHERN_DEL_MONIT01_v1,EMSR9284,False,1024,0,0.095657,237066,46098,190968,False,False
EMSR9284_01YLITORNIONORTHERN_DEL_MONIT01_v1_r01024_c00512,EMSR9284_01YLITORNIONORTHERN_DEL_MONIT01_v1,EMSR9284,False,1024,512,0.000000,262142,79947,182195,True,True
EMSR9284_01YLITORNIONORTHERN_DEL_MONIT01_v1_r01024_c01024,EMSR9284_01YLITORNIONORTHERN_DEL_MONIT01_v1,EMSR9284,False,1024,1024,0.000000,262144,22301,239843,True,True
EMSR9284_01YLITORNIONORTHERN_DEL_MONIT01_v1_r01024_c01253,EMSR9284_01YLITORNIONORTHERN_DEL_MONIT01_v1,EMSR9284,False,1024,1253,0.049675,104226,32754,71472,False,False
EMSR9284_01YLITORNIONORTHERN_DEL_MONIT01_v1_r01385_c00000,EMSR9284_01YLITORNIONORTHERN_DEL_MONIT01_v1,EMSR9284,False,1385,0,0.140327,156558,12038,144520,False,False
EMSR9284_01YLITORNIONORTHERN_DEL_MONIT01_v1_r01385_c00512,EMSR9284_01YLITORNIONORTHERN_DEL_MONIT01_v1,EMSR9284,False,1385,512,0.059231,169301,44738,124563,False,False
EMSR9284_01YLITORNIONORTHERN_DEL_MONIT01_v1_r01385_c01024,EMSR9284_01YLITORNIONORTHERN_DEL_MONIT01_v1,EMSR9284,False,1385,1024,0.103264,157762,0,157762,False,False
EMSR9284_01YLITORNIONORTHERN_DEL_MONIT01_v1_r01385_c01253,EMSR9284_01YLITORNIONORTHERN_DEL_MONIT01_v1,EMSR9284,False,1385,1253,0.139957,64925,5289,59636,False,False
